locus_tag	product	protein_id	go_function	go_process	go_component	gene	GOs	Description	KEGG_ko	KEGG_Module	BRITE	KEGG_TC	CAZy	PFAMs
LDZ24_RS00185	LysE family translocator	WP_248320858.1					-	PFAM Lysine exporter protein (LYSE YGGA)	ko:K11250	-	ko00000,ko02000	2.A.76.1.5	-	LysE
LDZ24_RS00255	rod shape-determining protein MreD	WP_175938922.1		regulation of cell shape|0008360||IEA	membrane|0016020||IEA	mreD	-	Rod shape-determining protein MreD	ko:K03571	-	ko00000,ko03036	9.B.157.1	-	MreD
LDZ24_RS00260	rod shape-determining protein MreC	WP_248320869.1		regulation of cell shape|0008360||IEA		mreC	-	shape-determining protein MreC	ko:K03570	-	ko00000,ko03036	9.B.157.1	-	MreC
LDZ24_RS00375	glutathione S-transferase family protein	WP_248320886.1	protein binding|0005515||IEA	glutathione metabolic process|0006749||IEA			-	Glutathione S-transferase	ko:K00799	-	ko00000,ko00001,ko01000,ko02000	1.A.12.2.2,1.A.12.3.2	-	GST_C,GST_C_2,GST_N
LDZ24_RS00505	glutathione S-transferase family protein	WP_248320907.1	protein binding|0005515||IEA	glutathione metabolic process|0006749||IEA			-	Glutathione S-transferase	ko:K00799	-	ko00000,ko00001,ko01000,ko02000	1.A.12.2.2,1.A.12.3.2	-	GST_C,GST_N,GST_N_3
LDZ24_RS00545	sodium:calcium antiporter	WP_248320915.1					-	Sodium/calcium exchanger protein	ko:K07301	-	ko00000,ko02000	2.A.19.5	-	Na_Ca_ex
LDZ24_RS00565	HAD family hydrolase	WP_248320919.1					-	Hydrolase	ko:K20444	-	ko00000,ko01000,ko01005,ko02000	4.D.1.3	GT2,GT4	HAD_2,RgpF
LDZ24_RS00755	ABC transporter substrate-binding protein	WP_248320962.1					-	Branched-chain amino acid ABC transporter substrate-binding protein	ko:K01999	M00237	ko00000,ko00001,ko00002,ko02000	3.A.1.4	-	Peripla_BP_6
LDZ24_RS00800	ABC transporter permease	WP_248320968.1	ABC-type transporter activity|0140359||IEA				-	ABC transporter permease	ko:K02066	M00210,M00669,M00670	ko00000,ko00001,ko00002,ko02000	3.A.1.27	-	MlaE
LDZ24_RS00810	MlaD family protein	WP_248320970.1		phospholipid transport|0015914||IEA			-	PFAM Mammalian cell entry related domain protein	ko:K02067	M00210,M00669,M00670	ko00000,ko00001,ko00002,ko02000	3.A.1.27	-	MlaD
LDZ24_RS00815	ABC-type transport auxiliary lipoprotein family protein	WP_248320971.1					-	ABC-type transport auxiliary lipoprotein component	ko:K18480	M00669	ko00000,ko00002,ko02000	3.A.1.27.1	-	ABC_trans_aux
LDZ24_RS00930	PTS sugar transporter subunit IIA	WP_248321004.1	kinase activity|0016301||IEA	phosphorylation|0016310||IEA	transmembrane transporter complex|1902495||IEA		-	pts system fructose subfamily IIa component	ko:K02821	M00283,M00550	ko00000,ko00001,ko00002,ko01000,ko02000	4.A.7.1	-	EIIA-man
LDZ24_RS01005	cytochrome c oxidase subunit II	WP_248321023.1	cytochrome-c oxidase activity|0004129||IEA		membrane|0016020||IEA	coxB	-	Subunits I and II form the functional core of the enzyme complex. Electrons originating in cytochrome c are transferred via heme a and Cu(A) to the binuclear center formed by heme a3 and Cu(B)	ko:K02275	M00155	ko00000,ko00001,ko00002,ko01000	3.D.4.2,3.D.4.4,3.D.4.6	-	COX2,COX2_TM,Cytochrome_CBB3,OmpA
LDZ24_RS01020	cytochrome c oxidase assembly protein	WP_248322239.1					-	Cytochrome C oxidase assembly protein ctag	ko:K02258	M00154	ko00000,ko00001,ko00002,ko03029	3.D.4.8	-	CtaG_Cox11
LDZ24_RS01030	cytochrome c oxidase subunit 3	WP_175939252.1					-	Cytochrome c oxidase subunit III	ko:K02276	M00155	ko00000,ko00001,ko00002,ko01000	3.D.4.4,3.D.4.6	-	COX3
LDZ24_RS01040	SURF1 family protein	WP_248321027.1					-	SURF1-like protein	ko:K14998	-	ko00000,ko03029	3.D.4.8	-	SURF1
LDZ24_RS01050	heme A synthase	WP_248321030.1					-	cytochrome oxidase assembly	ko:K02259	M00154	ko00000,ko00001,ko00002,ko03029	3.D.4.4	-	COX15-CtaA
LDZ24_RS01095	phosphoenolpyruvate--protein phosphotransferase	WP_248321043.1	phosphoenolpyruvate-protein phosphotransferase activity|0008965||IEA	phosphoenolpyruvate-dependent sugar phosphotransferase system|0009401||IEA		ptsP	-	Belongs to the PEP-utilizing enzyme family	ko:K02768,ko:K08483,ko:K11183,ko:K11189	M00273	ko00000,ko00001,ko00002,ko01000,ko02000	4.A.2.1,8.A.7	-	PEP-utilisers_N,PEP-utilizers,PEP-utilizers_C,PTS-HPr,PTS_EIIA_1
LDZ24_RS01155	ABC transporter ATP-binding protein	WP_248321053.1	ATP binding|0005524||IEA				-	ABC transporter	ko:K01990	M00254	ko00000,ko00002,ko02000	3.A.1	-	ABC_tran
LDZ24_RS01160	ABC transporter permease	WP_248321057.1	ABC-type transporter activity|0140359||IEA		membrane|0016020||IEA		-	ABC-2 type transporter	ko:K01992	M00254	ko00000,ko00002,ko02000	3.A.1	-	ABC2_membrane_3
LDZ24_RS01170	signal recognition particle-docking protein FtsY	WP_248321059.1	signal recognition particle binding|0005047||IEA	protein secretion|0009306||IEA		ftsY	-	Involved in targeting and insertion of nascent membrane proteins into the cytoplasmic membrane. Acts as a receptor for the complex formed by the signal recognition particle (SRP) and the ribosome-nascent chain (RNC). Interaction with SRP-RNC leads to the transfer of the RNC complex to the Sec translocase for insertion into the membrane, the hydrolysis of GTP by both Ffh and FtsY, and the dissociation of the SRP-FtsY complex into the individual components	ko:K03110	M00335	ko00000,ko00001,ko00002,ko02044	3.A.5.1,3.A.5.2,3.A.5.7	-	SRP54,SRP54_N
LDZ24_RS01290	lipopolysaccharide transport periplasmic protein LptA	WP_248321080.1	lipopolysaccharide binding|0001530||IEA	lipopolysaccharide transport|0015920||IEA	periplasmic space|0042597||IEA	lptA	-	Involved in the assembly of lipopolysaccharide (LPS). Required for the translocation of LPS from the inner membrane to the outer membrane	ko:K09774	-	ko00000,ko02000	1.B.42.1	-	OstA
LDZ24_RS01295	LPS export ABC transporter periplasmic protein LptC	WP_244847815.1	lipopolysaccharide transmembrane transporter activity|0015221||IEA	lipopolysaccharide transport|0015920||IEA	plasma membrane|0005886||IEA	lptC	-	Lipopolysaccharide-assembly, LptC-related	ko:K11719	-	ko00000,ko02000	1.B.42.1	-	LptC
LDZ24_RS01310	cation:proton antiporter	WP_248321084.1	antiporter activity|0015297||IEA	proton transmembrane transport|1902600||IEA	membrane|0016020||IEA		-	Belongs to the monovalent cation proton antiporter 2 (CPA2) transporter (TC 2.A.37) family	ko:K03455	-	ko00000	2.A.37	-	Na_H_Exchanger,TrkA_C,TrkA_N
LDZ24_RS01565	ABC transporter ATP-binding protein/permease	WP_248321155.1	ABC-type transporter activity|0140359||IEA				-	abc transporter	ko:K06147	-	ko00000,ko02000	3.A.1.106,3.A.1.109,3.A.1.21	-	ABC_membrane,ABC_tran
LDZ24_RS01570	MFS transporter	WP_248321157.1	transmembrane transporter activity|0022857||IEA	transmembrane transport|0055085||IEA			-	PFAM major facilitator superfamily MFS_1	ko:K02575	M00615	ko00000,ko00001,ko00002,ko02000	2.A.1.8	-	MFS_1
LDZ24_RS02075	MFS transporter	WP_248322249.1	transmembrane transporter activity|0022857||IEA	transmembrane transport|0055085||IEA			-	Major facilitator superfamily MFS_1	ko:K03762	-	ko00000,ko02000	2.A.1.6.4	-	Sugar_tr
LDZ24_RS02110	CopD family protein	WP_248321274.1			membrane|0016020||IEA		-	PFAM copper resistance D domain protein	ko:K07245	-	ko00000,ko02000	9.B.62.1	-	CopD
LDZ24_RS02250	pilin	WP_256465379.1		cell adhesion|0007155||IEA	pilus|0009289||IEA		-	general secretion pathway protein	ko:K02650	-	ko00000,ko00001,ko02035,ko02044	3.A.15.2	-	N_methyl,Pilin
LDZ24_RS02350	hypothetical protein	WP_248321323.1					-	Hep_Hag repeat-containing protein	ko:K21449	-	ko00000,ko02000	1.B.40.2	-	ESPR,YadA_anchor,YadA_head,YadA_stalk
LDZ24_RS02470	metal ABC transporter permease	WP_248321360.1		transmembrane transport|0055085||IEA	ATP-binding cassette (ABC) transporter complex|0043190||IEA		-	abc transporter, permease	ko:K02075,ko:K09816,ko:K09819	M00242,M00243,M00244	ko00000,ko00001,ko00002,ko02000	3.A.1.15,3.A.1.15.3,3.A.1.15.5	-	ABC-3
LDZ24_RS02475	ATP-binding cassette domain-containing protein	WP_371747378.1	ATP binding|0005524||IEA				-	abc transporter	ko:K02074	M00244	ko00000,ko00002,ko02000	3.A.1.15	-	ABC_tran
LDZ24_RS02480	metal ABC transporter solute-binding protein	WP_248321363.1					-	Belongs to the bacterial solute-binding protein 9 family	ko:K02077	M00244	ko00000,ko00002,ko02000	3.A.1.15	-	ZnuA
LDZ24_RS02505	sugar ABC transporter substrate-binding protein	WP_248321373.1	ABC-type transporter activity|0140359||IEA		ATP-binding cassette (ABC) transporter complex, substrate-binding subunit-containing|0055052||IEA		-	PFAM extracellular solute-binding protein family 1	ko:K02027,ko:K10227	M00200,M00207	ko00000,ko00001,ko00002,ko02000	3.A.1.1,3.A.1.1.5	-	SBP_bac_1,SBP_bac_8
LDZ24_RS02510	carbohydrate ABC transporter permease	WP_206467656.1	ABC-type transporter activity|0140359||IEA	transmembrane transport|0055085||IEA			-	PFAM binding-protein-dependent transport systems inner membrane component	ko:K10228	M00200	ko00000,ko00001,ko00002,ko02000	3.A.1.1.5	-	BPD_transp_1
LDZ24_RS02635	aspartate-alanine antiporter	WP_248321407.1	aspartate:alanine antiporter activity|0070906||IEA		membrane|0016020||IEA	aspT	-	Predicted Permease Membrane Region	ko:K07085	-	ko00000	2.A.81	-	Asp-Al_Ex,TrkA_C
LDZ24_RS02665	ABC transporter substrate-binding protein	WP_248321415.1					-	PFAM extracellular solute-binding protein, family 5	ko:K02035	M00239	ko00000,ko00001,ko00002,ko02000	3.A.1.5	-	SBP_bac_5
LDZ24_RS02805	branched-chain amino acid ABC transporter substrate-binding protein	WP_248321447.1	ABC-type transporter activity|0140359||IEA	transmembrane transport|0055085||IEA			-	amino acid	ko:K01999	M00237	ko00000,ko00001,ko00002,ko02000	3.A.1.4	-	Peripla_BP_6
LDZ24_RS02875	ABC transporter substrate-binding protein	WP_248321466.1					-	amino acid	ko:K01999	M00237	ko00000,ko00001,ko00002,ko02000	3.A.1.4	-	Peripla_BP_6
LDZ24_RS02920	LPS export ABC transporter permease LptG	WP_248321475.1	lipopolysaccharide transmembrane transporter activity|0015221||IEA	transmembrane transport|0055085||IEA	ATP-binding cassette (ABC) transporter complex|0043190||IEA	lptG	-	Permease, YjgP YjgQ family	ko:K11720	M00320	ko00000,ko00001,ko00002,ko02000	1.B.42.1	-	YjgP_YjgQ
LDZ24_RS02925	LPS export ABC transporter permease LptF	WP_248321477.1	lipopolysaccharide transmembrane transporter activity|0015221||IEA	transmembrane transport|0055085||IEA	ATP-binding cassette (ABC) transporter complex|0043190||IEA	lptF	-	Permease, YjgP YjgQ family	ko:K07091	M00320	ko00000,ko00001,ko00002,ko02000	1.B.42.1	-	YjgP_YjgQ
LDZ24_RS02985	TonB-dependent receptor domain-containing protein	WP_248321489.1					-	receptor	ko:K02014,ko:K16092	-	ko00000,ko02000	1.B.14,1.B.14.3	-	Plug,TonB_dep_Rec
LDZ24_RS03070	autotransporter assembly complex family protein	WP_371747405.1			cell outer membrane|0009279||IEA		-	PFAM surface antigen (D15)	ko:K07278	-	ko00000,ko02000	1.B.33.2.4	-	Bac_surface_Ag,POTRA,POTRA_TamA_1
LDZ24_RS03160	OmpA family protein	WP_248321544.1	peptidoglycan binding|0042834||IEA				-	Belongs to the ompA family	ko:K03286	-	ko00000,ko02000	1.B.6	-	Gly-zipper_Omp,Gly-zipper_YMGG,OmpA
LDZ24_RS03265	DNA translocase FtsK	WP_248321566.1					-	PFAM cell divisionFtsK SpoIIIE	ko:K03466	-	ko00000,ko03036	3.A.12	-	FtsK_4TM,FtsK_SpoIIIE,Ftsk_gamma
LDZ24_RS03280	putative hydroxymethylpyrimidine transporter CytX	WP_248321571.1	transmembrane transporter activity|0022857||IEA	transmembrane transport|0055085||IEA	membrane|0016020||IEA	cytX	-	Belongs to the purine-cytosine permease (2.A.39) family	ko:K03457	-	ko00000	2.A.39	-	Transp_cyt_pur
LDZ24_RS03350	TonB family protein	WP_248321586.1	secondary active transmembrane transporter activity|0015291||IEA	transport|0006810||IEA			-	TonB family	ko:K03832	-	ko00000,ko02000	2.C.1.1	-	TonB_2
LDZ24_RS03480	porin	WP_248321618.1	porin activity|0015288||IEA		cell outer membrane|0009279||IEA		-	PFAM porin Gram-negative type	ko:K03285	-	ko00000	1.B.1	-	Porin_4
LDZ24_RS03595	disulfide bond formation protein B	WP_248322263.1					-	Required for disulfide bond formation in some periplasmic proteins. Acts by oxidizing the DsbA protein	ko:K03611	-	ko00000,ko03110	5.A.2.1	-	DsbB
LDZ24_RS03650	LysE family translocator	WP_248321648.1					-	LysE type translocator	ko:K06895	-	ko00000,ko02000	2.A.75.1	-	LysE
LDZ24_RS03735	carbohydrate ABC transporter permease	WP_248321662.1		transmembrane transport|0055085||IEA			-	PFAM binding-protein-dependent transport systems inner membrane component	ko:K17317	M00605	ko00000,ko00001,ko00002,ko02000	3.A.1.1.24,3.A.1.1.30	-	BPD_transp_1
LDZ24_RS03740	carbohydrate ABC transporter permease	WP_248321663.1	ABC-type transporter activity|0140359||IEA	transmembrane transport|0055085||IEA			-	PFAM binding-protein-dependent transport systems inner membrane component	ko:K17316	M00605	ko00000,ko00001,ko00002,ko02000	3.A.1.1.24,3.A.1.1.30	-	BPD_transp_1
LDZ24_RS03745	ABC transporter substrate-binding protein	WP_248321664.1	ABC-type transporter activity|0140359||IEA		ATP-binding cassette (ABC) transporter complex, substrate-binding subunit-containing|0055052||IEA		-	PFAM extracellular solute-binding protein family 1	ko:K17315	M00605	ko00000,ko00001,ko00002,ko02000	3.A.1.1.24,3.A.1.1.30	-	SBP_bac_1
LDZ24_RS03825	ABC transporter permease subunit	WP_248321674.1					-	PFAM binding-protein-dependent transport systems inner membrane component	ko:K02050	M00188	ko00000,ko00002,ko02000	3.A.1.16,3.A.1.17	-	BPD_transp_1
LDZ24_RS03830	AAA-associated domain-containing protein	WP_248321675.1					-	abc transporter	ko:K02049	M00188	ko00000,ko00002,ko02000	3.A.1.16,3.A.1.17	-	AAA_assoc_C,ABC_tran
LDZ24_RS04090	Rhs element Vgr protein	WP_248321718.1					-	Uncharacterized protein conserved in bacteria (DUF2345)	ko:K11904	M00334	ko00000,ko00001,ko00002,ko02044	3.A.23.1	-	DUF2345,PAAR_motif,T6SS_Vgr
LDZ24_RS04125	monocarboxylate uptake permease MctP	WP_248322268.1	symporter activity|0015293||IEA	pyruvate transport|0006848||IEA		mctP	-	Belongs to the sodium solute symporter (SSF) (TC 2.A.21) family	ko:K03307	-	ko00000	2.A.21	-	SSF
LDZ24_RS04235	transporter	WP_248321744.1					-	CorA-like Mg2+ transporter protein	ko:K16074	-	ko00000,ko02000	1.A.35.4	-	CorA
LDZ24_RS04290	glycosyltransferase family 2 protein	WP_248321757.1	glycosyltransferase activity|0016757||IEA				-	glycosyl transferase family 2	ko:K12984	-	ko00000,ko01000,ko01003,ko01005,ko02000	4.D.1.3	GT2	Glycos_transf_2
LDZ24_RS04300	O-antigen ligase	WP_248321760.1	O antigen ligase activity|0008754||IEA		membrane|0016020||IEA		-	O-antigen	ko:K02847	M00080	ko00000,ko00001,ko00002,ko01000,ko01005,ko02000	9.B.67.4,9.B.67.5	-	Wzy_C
LDZ24_RS04415	mechanosensitive ion channel family protein	WP_248321788.1	mechanosensitive monoatomic ion channel activity|0008381||IEA				-	mechanosensitive ion channel	ko:K22044	-	ko00000,ko02000	1.A.23.3	-	MS_channel
LDZ24_RS04755	iron transporter	WP_371747391.1					-	ferrous iron transport protein	ko:K07230	-	ko00000,ko02000	2.A.108.2.10,2.A.108.2.4,2.A.108.2.9	-	Iron_transport
LDZ24_RS04765	FTR1 family protein	WP_248321871.1	iron ion transmembrane transporter activity|0005381||IEA	iron ion transmembrane transport|0034755||IEA	high-affinity iron permease complex|0033573||IEA		-	Iron permease	ko:K07243	-	ko00000,ko02000	2.A.108.1,2.A.108.2	-	FTR1
LDZ24_RS04810	MotA/TolQ/ExbB proton channel family protein	WP_248321881.1		protein transport|0015031||IEA	plasma membrane|0005886||IEA		-	MotA TolQ ExbB proton channel	ko:K03561	-	ko00000,ko02000	1.A.30.2.1	-	MotA_ExbB
LDZ24_RS04815	energy transducer TonB	WP_248321883.1	energy transducer activity|0031992||IEA		membrane|0016020||IEA		-	Interacts with outer membrane receptor proteins that carry out high-affinity binding and energy dependent uptake into the periplasmic space of specific substrates. It could act to transduce energy from the cytoplasmic membrane to specific energy- requiring processes in the outer membrane, resulting in the release into the periplasm of ligands bound by these outer membrane proteins	ko:K03832	-	ko00000,ko02000	2.C.1.1	-	TonB_C
LDZ24_RS04860	sodium:solute symporter family protein	WP_248321895.1	transmembrane transporter activity|0022857||IEA	transmembrane transport|0055085||IEA	membrane|0016020||IEA		-	Belongs to the sodium solute symporter (SSF) (TC 2.A.21) family	ko:K14393	-	ko00000,ko02000	2.A.21.7	-	SSF
LDZ24_RS04930	porin	WP_248321915.1	porin activity|0015288||IEA		cell outer membrane|0009279||IEA		-	Gram-negative porin	ko:K03285	-	ko00000	1.B.1	-	Porin_4
LDZ24_RS05670	outer membrane protein assembly factor BamC	WP_248322068.1				bamC	-	(Lipo)protein	ko:K07287	-	ko00000,ko02000	1.B.33.1	-	Lipoprotein_18
LDZ24_RS06030	ABC transporter substrate-binding protein	WP_248322118.1					-	PFAM extracellular solute-binding protein, family 5	ko:K02035	M00239	ko00000,ko00001,ko00002,ko02000	3.A.1.5	-	SBP_bac_5
LDZ24_RS06075	NCS1 family nucleobase:cation symporter-1	WP_248322125.1					-	PFAM permease for cytosine purines, uracil, thiamine, allantoin	ko:K03457	-	ko00000	2.A.39	-	Transp_cyt_pur
LDZ24_RS06135	ABC transporter permease	WP_248322132.1	ABC-type transporter activity|0140359||IEA				-	Belongs to the binding-protein-dependent transport system permease family	ko:K02057	M00221	ko00000,ko00002,ko02000	3.A.1.2	-	BPD_transp_2
LDZ24_RS06140	ABC transporter permease	WP_248322133.1			plasma membrane|0005886||IEA		-	Belongs to the binding-protein-dependent transport system permease family	ko:K02057	M00221	ko00000,ko00002,ko02000	3.A.1.2	-	BPD_transp_2
LDZ24_RS06145	BMP family ABC transporter substrate-binding protein	WP_248322134.1					-	PFAM basic membrane lipoprotein	ko:K02058	M00221	ko00000,ko00002,ko02000	3.A.1.2	-	Bmp
LDZ24_RS06320	ABC transporter permease	WP_256465388.1	ABC-type transporter activity|0140359||IEA		membrane|0016020||IEA		-	Transport permease protein	ko:K09694	M00252	ko00000,ko00001,ko00002,ko02000	3.A.1.102	-	ABC2_membrane
LDZ24_RS06430	inorganic phosphate transporter	WP_175940243.1					-	Phosphate transporter	ko:K03306	-	ko00000	2.A.20	-	PHO4
LDZ24_RS06565	type VI secretion system baseplate subunit TssF	WP_248322187.1		protein secretion by the type VI secretion system|0033103||IEA		tssF	-	type VI secretion protein	ko:K11896	M00334	ko00000,ko00002,ko02044	3.A.23.1	-	T6SS_TssF,T6SS_TssG
LDZ24_RS06570	type VI secretion system tip protein TssI/VgrG	WP_248322188.1		protein secretion by the type VI secretion system|0033103||IEA		tssI	-	Rhs element Vgr	ko:K11904	M00334	ko00000,ko00001,ko00002,ko02044	3.A.23.1	-	DUF2345,Phage_GPD,T6SS_Vgr
LDZ24_RS06655	TonB-dependent receptor	WP_248322199.1			membrane|0016020||IEA		-	TonB-dependent receptor	ko:K02014	-	ko00000,ko02000	1.B.14	-	Plug,TonB_dep_Rec
LDZ24_RS06895	sugar ABC transporter substrate-binding protein	WP_248322226.1					-	PFAM periplasmic binding protein LacI transcriptional regulator	ko:K10439	M00212	ko00000,ko00001,ko00002,ko02000	3.A.1.2.1,3.A.1.2.13,3.A.1.2.19	-	Peripla_BP_4
LDZ24_RS07115	NCS1 family nucleobase:cation symporter-1	WP_248319872.1					-	Permease for cytosine/purines, uracil, thiamine, allantoin	ko:K03457	-	ko00000	2.A.39	-	Transp_cyt_pur
LDZ24_RS07330	glutathione S-transferase	WP_248319909.1	glutathione binding|0043295||IEA	glutathione metabolic process|0006749||IEA			-	Glutathione S-transferase	ko:K00799	-	ko00000,ko00001,ko01000,ko02000	1.A.12.2.2,1.A.12.3.2	-	GST_C_3
LDZ24_RS07355	AsmA family protein	WP_248319913.1					-	PFAM AsmA family protein	ko:K07289,ko:K07290	-	ko00000	9.B.121	-	AsmA
LDZ24_RS07365	iron export ABC transporter permease subunit FetB	WP_248319915.1				fetB	-	Uncharacterised protein family (UPF0014)	ko:K02069	M00211	ko00000,ko00002,ko02000	9.B.25.1	-	UPF0014
LDZ24_RS07575	outer membrane protein assembly factor BamB	WP_248322301.1	protein binding|0005515||IEA		cell outer membrane|0009279||IEA	bamB	-	Part of the outer membrane protein assembly complex, which is involved in assembly and insertion of beta-barrel proteins into the outer membrane	ko:K17713	-	ko00000,ko02000	1.B.33.1	-	PQQ_2,PQQ_3
LDZ24_RS07630	peptidoglycan DD-metalloendopeptidase family protein	WP_248319949.1					-	peptidase	ko:K06194	-	ko00000	1.A.34.1.2	-	LysM,Peptidase_M23
LDZ24_RS07650	ABC transporter permease	WP_248319952.1	transmembrane transporter activity|0022857||IEA				-	binding-protein-dependent transport systems inner membrane component	ko:K02050	M00188	ko00000,ko00002,ko02000	3.A.1.16,3.A.1.17	-	BPD_transp_1
LDZ24_RS07660	ABC transporter substrate-binding protein	WP_248319954.1					-	PFAM NMT1 THI5 like domain protein	ko:K02051	M00188	ko00000,ko00002,ko02000	3.A.1.16,3.A.1.17	-	NMT1_2
LDZ24_RS07720	MATE family efflux transporter	WP_248322303.1	xenobiotic transmembrane transporter activity|0042910||IEA	xenobiotic transmembrane transport|0006855||IEA	membrane|0016020||IEA		-	MATE efflux family protein	ko:K03327	-	ko00000,ko02000	2.A.66.1	-	MatE
LDZ24_RS07730	helix-hairpin-helix domain-containing protein	WP_248319961.1					-	Helix-hairpin-helix motif	ko:K02237	M00429	ko00000,ko00002,ko02044	3.A.11.1,3.A.11.2	-	HHH_3
LDZ24_RS07875	MFS transporter	WP_248319978.1	transmembrane transporter activity|0022857||IEA	transmembrane transport|0055085||IEA			-	Major facilitator superfamily MFS_1	ko:K08178	-	ko00000,ko02000	2.A.1.12	-	MFS_1,Sugar_tr
LDZ24_RS08310	NADH-quinone oxidoreductase subunit NuoN	WP_248320043.1	NADH dehydrogenase (ubiquinone) activity|0008137||IEA	ATP synthesis coupled electron transport|0042773||IEA		nuoN	-	NDH-1 shuttles electrons from NADH, via FMN and iron- sulfur (Fe-S) centers, to quinones in the respiratory chain. The immediate electron acceptor for the enzyme in this species is believed to be ubiquinone. Couples the redox reaction to proton translocation (for every two electrons transferred, four hydrogen ions are translocated across the cytoplasmic membrane), and thus conserves the redox energy in a proton gradient	ko:K00343	M00144	ko00000,ko00001,ko00002,ko01000	3.D.1	-	Proton_antipo_M
LDZ24_RS08330	NADH-quinone oxidoreductase subunit J	WP_175944098.1	NADH dehydrogenase (ubiquinone) activity|0008137||IEA				-	Belongs to the complex I subunit 6 family	ko:K00339	M00144	ko00000,ko00001,ko00002,ko01000	3.D.1	-	Oxidored_q3
LDZ24_RS08345	NADH-quinone oxidoreductase subunit NuoG	WP_248320046.1	iron-sulfur cluster binding|0051536||IEA	mitochondrial electron transport, NADH to ubiquinone|0006120||IEA		nuoG	-	NADH-quinone oxidoreductase	ko:K00336	M00144	ko00000,ko00001,ko00002,ko01000	3.D.1	-	Fer2_4,Molybdopterin,Molydop_binding,NADH-G_4Fe-4S_3
LDZ24_RS08355	NADH-quinone oxidoreductase subunit NuoE	WP_206466578.1	oxidoreductase activity|0016491||IEA			nuoE	-	PFAM NADH dehydrogenase (ubiquinone) 24 kDa subunit	ko:K00334	M00144	ko00000,ko00001,ko00002,ko01000	3.D.1	-	2Fe-2S_thioredx
LDZ24_RS08360	NADH-quinone oxidoreductase subunit D	WP_175944108.1	NAD binding|0051287||IEA				-	NDH-1 shuttles electrons from NADH, via FMN and iron- sulfur (Fe-S) centers, to quinones in the respiratory chain. The immediate electron acceptor for the enzyme in this species is believed to be ubiquinone. Couples the redox reaction to proton translocation (for every two electrons transferred, four hydrogen ions are translocated across the cytoplasmic membrane), and thus conserves the redox energy in a proton gradient	ko:K00333	M00144	ko00000,ko00001,ko00002,ko01000	3.D.1	-	Complex1_49kDa
LDZ24_RS08365	NADH-quinone oxidoreductase subunit C	WP_248320048.1	NADH dehydrogenase (ubiquinone) activity|0008137||IEA				-	NDH-1 shuttles electrons from NADH, via FMN and iron- sulfur (Fe-S) centers, to quinones in the respiratory chain. The immediate electron acceptor for the enzyme in this species is believed to be ubiquinone. Couples the redox reaction to proton translocation (for every two electrons transferred, four hydrogen ions are translocated across the cytoplasmic membrane), and thus conserves the redox energy in a proton gradient	ko:K00332	M00144	ko00000,ko00001,ko00002,ko01000	3.D.1	-	Complex1_30kDa
LDZ24_RS08370	NADH-quinone oxidoreductase subunit B family protein	WP_006052903.1	4 iron, 4 sulfur cluster binding|0051539||IEA		respiratory chain complex I|0045271||IEA		-	NDH-1 shuttles electrons from NADH, via FMN and iron- sulfur (Fe-S) centers, to quinones in the respiratory chain. The immediate electron acceptor for the enzyme in this species is believed to be ubiquinone. Couples the redox reaction to proton translocation (for every two electrons transferred, four hydrogen ions are translocated across the cytoplasmic membrane), and thus conserves the redox energy in a proton gradient	ko:K00331	M00144	ko00000,ko00001,ko00002,ko01000	3.D.1	-	Oxidored_q6
LDZ24_RS08375	NADH-quinone oxidoreductase subunit A	WP_040051564.1	quinone binding|0048038||IEA		plasma membrane|0005886||IEA		-	NDH-1 shuttles electrons from NADH, via FMN and iron- sulfur (Fe-S) centers, to quinones in the respiratory chain. The immediate electron acceptor for the enzyme in this species is believed to be ubiquinone. Couples the redox reaction to proton translocation (for every two electrons transferred, four hydrogen ions are translocated across the cytoplasmic membrane), and thus conserves the redox energy in a proton gradient	ko:K00330	M00144	ko00000,ko00001,ko00002,ko01000	3.D.1	-	Oxidored_q4
LDZ24_RS08385	preprotein translocase subunit SecG	WP_248320049.1	sialic acid transmembrane transporter activity|0015136||IEA	sialic acid transport|0015739||IEA	membrane|0016020||IEA	secG	-	Preprotein translocase SecG subunit	ko:K03075	M00335	ko00000,ko00001,ko00002,ko02044	3.A.5.1,3.A.5.2	-	SecG
LDZ24_RS08410	branched-chain amino acid ABC transporter substrate-binding protein	WP_248320053.1					-	abc transporter	ko:K01999	M00237	ko00000,ko00001,ko00002,ko02000	3.A.1.4	-	Peripla_BP_6
LDZ24_RS08475	malonate decarboxylase subunit alpha	WP_248320063.1	transferase activity|0016740||IEA	transport|0006810||IEA		mdcA	-	malonate decarboxylase alpha subunit	ko:K13929	-	ko00000,ko01000,ko02000	3.B.1.1.4	-	Mal_decarbox_Al
LDZ24_RS08485	malonate decarboxylase subunit delta	WP_248320064.1					-	Malonate decarboxylase delta subunit	ko:K13931	-	ko00000,ko02000	3.B.1.1.4	-	ACP
LDZ24_RS08625	outer membrane protein assembly factor BamC	WP_248320090.1				bamC	-	(Lipo)protein	ko:K07287	-	ko00000,ko02000	1.B.33.1	-	Lipoprotein_18
LDZ24_RS08710	ComEC/Rec2 family competence protein	WP_248320100.1					-	Competence protein ComEC	ko:K02238	M00429	ko00000,ko00002,ko02044	3.A.11.1,3.A.11.2	-	Competence,DUF4131,Lactamase_B
LDZ24_RS08855	ABC transporter permease	WP_371747336.1		transport|0006810||IEA	plasma membrane|0005886||IEA		-	abc transporter, permease	ko:K02004	M00258	ko00000,ko00002,ko02000	3.A.1	-	FtsX,MacB_PCD
LDZ24_RS08870	cytochrome ubiquinol oxidase subunit I	WP_248320133.1					-	cytochrome bd ubiquinol oxidase, subunit I	ko:K00425	M00153	ko00000,ko00001,ko00002,ko01000	3.D.4.3	-	Cyt_bd_oxida_I
LDZ24_RS08875	cytochrome d ubiquinol oxidase subunit II	WP_175944278.1	oxidoreductase activity, acting on diphenols and related substances as donors, oxygen as acceptor|0016682||IEA			cydB	-	Cytochrome d ubiquinol oxidase, subunit II	ko:K00426	M00153	ko00000,ko00001,ko00002,ko01000	3.D.4.3	-	Cyt_bd_oxida_II
LDZ24_RS08980	sugar ABC transporter substrate-binding protein	WP_175944318.1					-	ABC transporter substrate-binding protein	ko:K02058	M00221	ko00000,ko00002,ko02000	3.A.1.2	-	Peripla_BP_4
LDZ24_RS08985	ABC transporter permease	WP_248320162.1	transmembrane transporter activity|0022857||IEA	carbohydrate transport|0008643||IEA	plasma membrane|0005886||IEA		-	Belongs to the binding-protein-dependent transport system permease family	ko:K02057	M00221	ko00000,ko00002,ko02000	3.A.1.2	-	BPD_transp_2
LDZ24_RS08990	ATP-binding cassette domain-containing protein	WP_371747337.1	ATP binding|0005524||IEA				-	ABC transporter	ko:K02056	M00221	ko00000,ko00002,ko01000,ko02000	3.A.1.2	-	ABC_tran
LDZ24_RS09025	branched-chain amino acid ABC transporter permease	WP_248320175.1					-	Belongs to the binding-protein-dependent transport system permease family	ko:K01995,ko:K01998	M00237	ko00000,ko00001,ko00002,ko02000	3.A.1.4	-	ABC_tran,BCA_ABC_TP_C,BPD_transp_2
LDZ24_RS09030	branched-chain amino acid ABC transporter permease	WP_248322317.1	ABC-type transporter activity|0140359||IEA		ATP-binding cassette (ABC) transporter complex|0043190||IEA		-	Belongs to the binding-protein-dependent transport system permease family	ko:K01997	M00237	ko00000,ko00001,ko00002,ko02000	3.A.1.4	-	BPD_transp_2
LDZ24_RS09285	ABC transporter ATP-binding protein	WP_241269898.1	ABC-type transporter activity|0140359||IEA		ATP-binding cassette (ABC) transporter complex, substrate-binding subunit-containing|0055052||IEA		-	abc transporter	ko:K06147	-	ko00000,ko02000	3.A.1.106,3.A.1.109,3.A.1.21	-	ABC_membrane,ABC_tran
LDZ24_RS09645	MATE family efflux transporter	WP_248320271.1	xenobiotic transmembrane transporter activity|0042910||IEA	xenobiotic transmembrane transport|0006855||IEA	membrane|0016020||IEA		-	MATE efflux family protein	ko:K03327	-	ko00000,ko02000	2.A.66.1	-	MatE
LDZ24_RS09830	helix-hairpin-helix domain-containing protein	WP_244846977.1					-	Helix-hairpin-helix motif	ko:K02237	M00429	ko00000,ko00002,ko02044	3.A.11.1,3.A.11.2	-	HHH_3
LDZ24_RS09905	outer membrane protein OmpA	WP_248320306.1	porin activity|0015288||IEA	monoatomic ion transport|0006811||IEA		ompA	-	Belongs to the ompA family	ko:K03286	-	ko00000,ko02000	1.B.6	-	OmpA
LDZ24_RS09970	cation diffusion facilitator family transporter	WP_248320317.1	monoatomic cation transmembrane transporter activity|0008324||IEA				-	TIGRFAM cation diffusion facilitator family transporter	ko:K16264	-	ko00000,ko02000	2.A.4.1	-	Cation_efflux,ZT_dimer
LDZ24_RS10010	cation:proton antiporter	WP_248320325.1					-	Pfam Sodium hydrogen exchanger	ko:K03455	-	ko00000	2.A.37	-	Na_H_Exchanger
LDZ24_RS10060	urea ABC transporter substrate-binding protein	WP_248320331.1	ATPase-coupled urea transmembrane transporter activity|0033221||IEA	urea transport|0015840||IEA	ATP-binding cassette (ABC) transporter complex, substrate-binding subunit-containing|0055052||IEA	urtA	-	abc transporter	ko:K11959	M00323	ko00000,ko00001,ko00002,ko02000	3.A.1.4.4,3.A.1.4.5	-	Peripla_BP_5
LDZ24_RS10065	urea ABC transporter permease subunit UrtB	WP_248320332.1	ATPase-coupled urea transmembrane transporter activity|0033221||IEA	urea transport|0015840||IEA	ATP-binding cassette (ABC) transporter complex, substrate-binding subunit-containing|0055052||IEA	urtB	-	Belongs to the binding-protein-dependent transport system permease family	ko:K11960	M00323	ko00000,ko00001,ko00002,ko02000	3.A.1.4.4,3.A.1.4.5	-	BPD_transp_2
LDZ24_RS10070	urea ABC transporter permease subunit UrtC	WP_248320333.1	ATPase-coupled urea transmembrane transporter activity|0033221||IEA	urea transport|0015840||IEA	ATP-binding cassette (ABC) transporter complex, substrate-binding subunit-containing|0055052||IEA	urtC	-	Belongs to the binding-protein-dependent transport system permease family	ko:K11961	M00323	ko00000,ko00001,ko00002,ko02000	3.A.1.4.4,3.A.1.4.5	-	BPD_transp_2
LDZ24_RS10090	transporter substrate-binding domain-containing protein	WP_248320337.1					-	PFAM extracellular solute-binding protein, family 3	ko:K02030,ko:K10022	M00235,M00236	ko00000,ko00001,ko00002,ko02000	3.A.1.3,3.A.1.3.11	-	SBP_bac_3
LDZ24_RS10095	amino acid ABC transporter permease	WP_248320338.1	ABC-type transporter activity|0140359||IEA	amino acid transport|0006865||IEA			-	polar amino acid ABC transporter, inner membrane subunit	ko:K02029	M00236	ko00000,ko00002,ko02000	3.A.1.3	-	BPD_transp_1
LDZ24_RS10170	oligosaccharide flippase family protein	WP_248320346.1					-	biosynthesis protein	ko:K03328	-	ko00000	2.A.66.2	-	Polysacc_synt,Polysacc_synt_3
LDZ24_RS10205	oligosaccharide flippase family protein	WP_248320353.1					-	PFAM polysaccharide biosynthesis protein	ko:K03328	-	ko00000	2.A.66.2	-	Polysacc_synt_3,Polysacc_synt_C
LDZ24_RS10505	ABC transporter ATP-binding protein	WP_248320401.1					-	ABC transporter	ko:K09691	M00250	ko00000,ko00001,ko00002,ko02000	3.A.1.103	-	ABC_tran,Wzt_C
LDZ24_RS10510	ABC transporter permease	WP_248320402.1	ABC-type transporter activity|0140359||IEA		ATP-binding cassette (ABC) transporter complex|0043190||IEA		-	PFAM ABC-2 type transporter	ko:K09690	M00250	ko00000,ko00001,ko00002,ko02000	3.A.1.103	-	ABC2_membrane
LDZ24_RS10515	glycosyltransferase	WP_371747343.1					-	glycosyl transferase family 2	ko:K07011,ko:K20444	-	ko00000,ko01000,ko01005,ko02000	4.D.1.3	GT2,GT4	Glyco_tranf_2_3,Glyco_trans_1_4,Glycos_transf_2,Methyltransf_23
LDZ24_RS10940	type IV pilin protein	WP_248320465.1					-	Type IV minor pilin ComP, DNA uptake sequence receptor	ko:K02655	-	ko00000,ko02035,ko02044	3.A.15.2	-	ComP_DUS,N_methyl
LDZ24_RS10960	GspH/FimT family pseudopilin	WP_248320469.1		protein secretion by the type II secretion system|0015628||IEA	type II protein secretion system complex|0015627||IEA		-	Type II transport protein GspH	ko:K08084	-	ko00000,ko02044	3.A.15.2	-	GspH,N_methyl
LDZ24_RS10995	cell envelope integrity protein TolA	WP_248320472.1	transporter activity|0005215||IEA	transport|0006810||IEA	periplasmic side of plasma membrane|0098567||IEA	tolA	-	TIGRFAM protein TolA	ko:K03646	-	ko00000,ko02000	2.C.1.2	-	TonB_2
LDZ24_RS11005	peptidoglycan-associated lipoprotein Pal	WP_244847193.1			cell outer membrane|0009279||IEA	pal	-	Belongs to the ompA family	ko:K03640	-	ko00000,ko02000	2.C.1.2	-	OmpA
LDZ24_RS11085	LPS-assembly protein LptD	WP_248320485.1					-	Together with LptE, is involved in the assembly of lipopolysaccharide (LPS) at the surface of the outer membrane	ko:K04744	-	ko00000,ko02000	1.B.42.1	-	OstA,OstA_C
LDZ24_RS11160	LPS assembly lipoprotein LptE	WP_175945307.1		Gram-negative-bacterium-type cell outer membrane assembly|0043165||IEA	outer membrane|0019867||IEA	lptE	-	Together with LptD, is involved in the assembly of lipopolysaccharide (LPS) at the surface of the outer membrane. Required for the proper assembly of LptD. Binds LPS and may serve as the LPS recognition site at the outer membrane	ko:K03643	-	ko00000,ko02000	1.B.42.1	-	LptE
LDZ24_RS11170	biopolymer transporter ExbD	WP_248320496.1	transmembrane transporter activity|0022857||IEA		membrane|0016020||IEA		-	Biopolymer transport protein, ExbD	ko:K03559	-	ko00000,ko02000	1.A.30.2.1	-	ExbD
LDZ24_RS11175	MotA/TolQ/ExbB proton channel family protein	WP_248320497.1		protein transport|0015031||IEA	plasma membrane|0005886||IEA		-	PFAM MotA TolQ ExbB proton channel	ko:K03561	-	ko00000,ko02000	1.A.30.2.1	-	MotA_ExbB
LDZ24_RS11185	outer membrane protein assembly factor BamE	WP_248320499.1					-	Part of the outer membrane protein assembly complex, which is involved in assembly and insertion of beta-barrel proteins into the outer membrane	ko:K06186	-	ko00000,ko02000	1.B.33.1	-	SmpA_OmlA
LDZ24_RS11485	type II secretion system F family protein	WP_248320535.1			membrane|0016020||IEA		-	Type II secretion system	ko:K02653	-	ko00000,ko02035,ko02044	3.A.15.2	-	T2SSF
LDZ24_RS11640	molybdopterin-dependent oxidoreductase	WP_248320551.1					-	Belongs to the prokaryotic molybdopterin-containing oxidoreductase family	ko:K07812	-	ko00000,ko01000,ko02000	5.A.3.4	-	Molybdop_Fe4S4,Molybdopterin,Molydop_binding
LDZ24_RS11760	DsbC family protein	WP_248320565.1					-	Required for disulfide bond formation in some periplasmic proteins. Acts by transferring its disulfide bond to other proteins and is reduced in the process	ko:K03981	-	ko00000,ko01000,ko02044,ko03110	3.A.7.11.1	-	DsbC_N,Thioredoxin_2
LDZ24_RS11905	Hsp70 family protein	WP_248320584.1	ATP-dependent protein folding chaperone|0140662||IEA				-	heat shock protein 70	ko:K04046	-	ko00000,ko03110	1.A.33	-	HSP70
LDZ24_RS12040	Sec-independent protein translocase protein TatB	WP_248320598.1	protein transmembrane transporter activity|0008320||IEA	protein secretion by the type II secretion system|0015628||IEA	membrane|0016020||IEA	tatB	-	Part of the twin-arginine translocation (Tat) system that transports large folded proteins containing a characteristic twin-arginine motif in their signal peptide across membranes. Together with TatC, TatB is part of a receptor directly interacting with Tat signal peptides. TatB may form an oligomeric binding site that transiently accommodates folded Tat precursor proteins before their translocation	ko:K03117	M00336	ko00000,ko00001,ko00002,ko02044	2.A.64	-	MttA_Hcf106
LDZ24_RS12130	lipid asymmetry maintenance protein MlaB	WP_175946510.1					-	STAS domain	ko:K07122	M00210	ko00000,ko00001,ko00002,ko02000	3.A.1.27.3	-	STAS_2
LDZ24_RS12135	phospholipid-binding protein MlaC	WP_175946508.1					-	toluene tolerance	ko:K07323	M00210	ko00000,ko00001,ko00002,ko02000	3.A.1.27.3	-	MlaC
LDZ24_RS12180	ABC transporter ATP-binding protein/permease	WP_248320610.1					-	abc transporter	ko:K02471	-	ko00000,ko00001,ko02000	3.A.1.203.11,3.A.1.203.4	-	ABC_membrane_2,ABC_tran
LDZ24_RS12250	type IV pilus secretin PilQ	WP_248320621.1					-	type IV pilus secretin PilQ	ko:K02666	-	ko00000,ko02035,ko02044	3.A.15.2	-	AMIN,STN,Secretin,Secretin_N
LDZ24_RS12540	preprotein translocase subunit SecE	WP_175946423.1				secE	-	Essential subunit of the Sec protein translocation channel SecYEG. Clamps together the 2 halves of SecY. May contact the channel plug during translocation	ko:K03073	M00335	ko00000,ko00001,ko00002,ko02044	3.A.5.1,3.A.5.2	-	SecE
LDZ24_RS12875	glutathione S-transferase family protein	WP_248320684.1					-	Glutathione S-transferase	ko:K00799	-	ko00000,ko00001,ko01000,ko02000	1.A.12.2.2,1.A.12.3.2	-	GST_C_2,GST_C_3,GST_C_4,GST_N_3
LDZ24_RS12975	CidA/LrgA family protein	WP_248320694.1					-	PFAM LrgA family protein	ko:K06518	-	ko00000,ko02000	1.E.14.2	-	LrgA
LDZ24_RS13030	flagellar assembly protein FliH	WP_175938529.1	cytoskeletal motor activity|0003774||IEA		bacterial-type flagellum|0009288||IEA	fliH	-	Flagellar assembly protein flih	ko:K02411	-	ko00000,ko00001,ko02035,ko02044	3.A.6.2	-	FliH
LDZ24_RS13085	flagellar biosynthetic protein FliO	WP_248320708.1		bacterial-type flagellum organization|0044781||IEA	membrane|0016020||IEA	fliO	-	flagellar	ko:K02418	-	ko00000,ko00001,ko02035,ko02044	3.A.6.2	-	FliO
LDZ24_RS13325	branched-chain amino acid ABC transporter substrate-binding protein	WP_248320737.1	ABC-type transporter activity|0140359||IEA	transmembrane transport|0055085||IEA			-	amino acid	ko:K01999	M00237	ko00000,ko00001,ko00002,ko02000	3.A.1.4	-	Peripla_BP_6
LDZ24_RS13385	F0F1 ATP synthase subunit delta	WP_175938660.1	proton-transporting ATP synthase activity, rotational mechanism|0046933||IEA	proton motive force-driven ATP synthesis|0015986||IEA			-	F(1)F(0) ATP synthase produces ATP from ADP in the presence of a proton or sodium gradient. F-type ATPases consist of two structural domains, F(1) containing the extramembraneous catalytic core and F(0) containing the membrane proton channel, linked together by a central stalk and a peripheral stalk. During catalysis, ATP synthesis in the catalytic domain of F(1) is coupled via a rotary mechanism of the central stalk subunits to proton translocation	ko:K02113	M00157	ko00000,ko00001,ko00002,ko00194	3.A.2.1	-	OSCP
LDZ24_RS13395	F0F1 ATP synthase subunit C	WP_175938665.1	proton transmembrane transporter activity|0015078||IEA	proton motive force-driven ATP synthesis|0015986||IEA		atpE	-	F(1)F(0) ATP synthase produces ATP from ADP in the presence of a proton or sodium gradient. F-type ATPases consist of two structural domains, F(1) containing the extramembraneous catalytic core and F(0) containing the membrane proton channel, linked together by a central stalk and a peripheral stalk. During catalysis, ATP synthesis in the catalytic domain of F(1) is coupled via a rotary mechanism of the central stalk subunits to proton translocation	ko:K02110	M00157	ko00000,ko00001,ko00002,ko00194	3.A.2.1	-	ATP-synt_C
LDZ24_RS13405	ATP synthase subunit I	WP_248320747.1					-	atp synthase	ko:K02116	-	ko00000,ko00194	3.A.2.1	-	ATP-synt_I
LDZ24_RS13440	ATP-binding cassette domain-containing protein	WP_248320751.1	ATP binding|0005524||IEA				-	Belongs to the binding-protein-dependent transport system permease family	ko:K01995,ko:K01998	M00237	ko00000,ko00001,ko00002,ko02000	3.A.1.4	-	ABC_tran,BCA_ABC_TP_C,BPD_transp_2
LDZ24_RS13445	branched-chain amino acid ABC transporter permease	WP_248320752.1	ABC-type transporter activity|0140359||IEA		ATP-binding cassette (ABC) transporter complex|0043190||IEA		-	Belongs to the binding-protein-dependent transport system permease family	ko:K01997	M00237	ko00000,ko00001,ko00002,ko02000	3.A.1.4	-	BPD_transp_2
LDZ24_RS13450	ABC transporter substrate-binding protein	WP_248320753.1					-	amino acid	ko:K01999	M00237	ko00000,ko00001,ko00002,ko02000	3.A.1.4	-	Peripla_BP_6
LDZ24_RS13455	ABC transporter substrate-binding protein	WP_248320754.1					-	amino acid	ko:K01999	M00237	ko00000,ko00001,ko00002,ko02000	3.A.1.4	-	Peripla_BP_6
LDZ24_RS13460	branched-chain amino acid ABC transporter permease	WP_175940556.1					-	Belongs to the binding-protein-dependent transport system permease family	ko:K01998	M00237	ko00000,ko00001,ko00002,ko02000	3.A.1.4	-	BPD_transp_2
LDZ24_RS13465	branched-chain amino acid ABC transporter permease	WP_248320755.1	ABC-type transporter activity|0140359||IEA		ATP-binding cassette (ABC) transporter complex|0043190||IEA		-	Belongs to the binding-protein-dependent transport system permease family	ko:K01997	M00237	ko00000,ko00001,ko00002,ko02000	3.A.1.4	-	BPD_transp_2
LDZ24_RS13470	ABC transporter substrate-binding protein	WP_248320756.1					-	abc transporter	ko:K01999	M00237	ko00000,ko00001,ko00002,ko02000	3.A.1.4	-	Peripla_BP_6
LDZ24_RS13565	type II secretion system secretin GspD	WP_248320766.1		protein secretion by the type II secretion system|0015628||IEA	outer membrane|0019867||IEA	gspD	-	general secretion pathway protein D	ko:K02453	M00331	ko00000,ko00001,ko00002,ko02044	3.A.15	-	Secretin,Secretin_N
LDZ24_RS13575	type II secretion system inner membrane protein GspF	WP_175938722.1		protein secretion by the type II secretion system|0015628||IEA	type II protein secretion system complex|0015627||IEA	gspF	-	General secretion pathway protein F	ko:K02455	M00331	ko00000,ko00001,ko00002,ko02044	3.A.15	-	T2SSF
LDZ24_RS13580	general secretion pathway protein GspC	WP_206467272.1					-	general secretion pathway protein	ko:K02452	M00331	ko00000,ko00001,ko00002,ko02044	3.A.15	-	T2SSC
LDZ24_RS13590	GspH/FimT family pseudopilin	WP_255774822.1		protein secretion by the type II secretion system|0015628||IEA	type II protein secretion system complex|0015627||IEA		-	general secretion pathway protein	ko:K02457	M00331	ko00000,ko00001,ko00002,ko02044	3.A.15	-	GspH,N_methyl
LDZ24_RS13595	type II secretion system minor pseudopilin GspI	WP_248320767.1		protein secretion by the type II secretion system|0015628||IEA	type II protein secretion system complex|0015627||IEA	gspI	-	General secretion pathway protein I	ko:K02458	M00331	ko00000,ko00001,ko00002,ko02044	3.A.15	-	N_methyl,T2SSI
LDZ24_RS13600	prepilin-type N-terminal cleavage/methylation domain-containing protein	WP_248320768.1					-	general secretion pathway protein	ko:K02459	M00331	ko00000,ko00001,ko00002,ko02044	3.A.15	-	N_methyl,T2SSJ
LDZ24_RS13605	type II secretion system minor pseudopilin GspK	WP_248320769.1		protein secretion|0009306||IEA	membrane|0016020||IEA	gspK	-	general secretion pathway protein K	ko:K02460	M00331	ko00000,ko00001,ko00002,ko02044	3.A.15	-	T2SSK
LDZ24_RS13610	type II secretion system protein GspL	WP_248320770.1		protein secretion by the type II secretion system|0015628||IEA	type II protein secretion system complex|0015627||IEA	gspL	-	General secretion pathway protein L	ko:K02461	M00331	ko00000,ko00001,ko00002,ko02044	3.A.15	-	GspL_C,T2SSL
LDZ24_RS13615	type II secretion system protein GspM	WP_175938736.1		protein secretion by the type II secretion system|0015628||IEA	type II protein secretion system complex|0015627||IEA	gspM	-	General secretion pathway	ko:K02462	M00331	ko00000,ko00001,ko00002,ko02044	3.A.15	-	T2SSM
LDZ24_RS13620	type II secretion system protein N	WP_248320771.1					-	general secretion pathway protein	ko:K02463	M00331	ko00000,ko00001,ko00002,ko02044	3.A.15	-	T2SSN
LDZ24_RS13750	amino acid permease	WP_305854670.1	transmembrane transporter activity|0022857||IEA	transmembrane transport|0055085||IEA	membrane|0016020||IEA		-	amino acid	ko:K03294	-	ko00000	2.A.3.2	-	AA_permease_2
LDZ24_RS13820	branched-chain amino acid ABC transporter substrate-binding protein	WP_159837420.1	ABC-type transporter activity|0140359||IEA	transmembrane transport|0055085||IEA			-	amino acid	ko:K01999	M00237	ko00000,ko00001,ko00002,ko02000	3.A.1.4	-	Peripla_BP_6
LDZ24_RS13885	c-type cytochrome	WP_248320812.1	heme binding|0020037||IEA				-	cytochrome C	ko:K08738	M00595	ko00000,ko00001,ko00002	3.D.4.6	-	Cytochrom_C,Cytochrome_CBB3
LDZ24_RS14100	MgtC/SapB family protein	WP_248322865.1			plasma membrane|0005886||IEA		-	MgtC family	ko:K07507	-	ko00000,ko02000	9.B.20	-	MgtC
LDZ24_RS14240	MFS transporter	WP_248322891.1	transmembrane transporter activity|0022857||IEA	transmembrane transport|0055085||IEA			-	transporter	ko:K08369	-	ko00000,ko02000	2.A.1	-	MFS_1,MFS_4,Sugar_tr
LDZ24_RS14300	glycine betaine ABC transporter substrate-binding protein	WP_175940855.1					-	PFAM Substrate-binding region of ABC-type glycine betaine transport system	ko:K02002	M00208	ko00000,ko00001,ko00002,ko02000	3.A.1.12	-	OpuAC
LDZ24_RS14365	branched-chain amino acid ABC transporter substrate-binding protein	WP_248322909.1	ABC-type transporter activity|0140359||IEA	transmembrane transport|0055085||IEA			-	PFAM Extracellular ligand-binding receptor	ko:K01999	M00237	ko00000,ko00001,ko00002,ko02000	3.A.1.4	-	Peripla_BP_6
LDZ24_RS14400	substrate-binding domain-containing protein	WP_248322915.1					-	Periplasmic binding protein domain	ko:K10439	M00212	ko00000,ko00001,ko00002,ko02000	3.A.1.2.1,3.A.1.2.13,3.A.1.2.19	-	Peripla_BP_4
LDZ24_RS14465	chromate transporter	WP_248322925.1	chromate transmembrane transporter activity|0015109||IEA	chromate transport|0015703||IEA			-	Chromate transporter	ko:K07240	-	ko00000,ko02000	2.A.51.1	-	Chromate_transp
LDZ24_RS14470	chromate transporter	WP_248322926.1					-	Chromate transporter	ko:K07240	-	ko00000,ko02000	2.A.51.1	-	Chromate_transp
LDZ24_RS14730	flippase	WP_248322967.1	flippase activity|0140327||IEA				-	Polysaccharide biosynthesis protein	ko:K03328	-	ko00000	2.A.66.2	-	Polysacc_synt,Polysacc_synt_C
LDZ24_RS14945	glutathione S-transferase N-terminal domain-containing protein	WP_371747445.1	protein binding|0005515||IEA	glutathione metabolic process|0006749||IEA			-	Glutathione S-transferase	ko:K00799	-	ko00000,ko00001,ko01000,ko02000	1.A.12.2.2,1.A.12.3.2	-	GST_C_2,GST_N_3
LDZ24_RS14965	glutathione S-transferase family protein	WP_256465414.1	protein binding|0005515||IEA	glutathione metabolic process|0006749||IEA			-	Glutathione S-transferase	ko:K00799	-	ko00000,ko00001,ko01000,ko02000	1.A.12.2.2,1.A.12.3.2	-	GST_C_2,GST_N_3
LDZ24_RS15015	type VI secretion system baseplate subunit TssF	WP_248323015.1		protein secretion by the type VI secretion system|0033103||IEA		tssF	-	type VI secretion protein	ko:K11896	M00334	ko00000,ko00002,ko02044	3.A.23.1	-	T6SS_TssF,T6SS_TssG
LDZ24_RS15020	contractile injection system protein, VgrG/Pvc8 family	WP_248323016.1					-	Rhs element Vgr	ko:K11904	M00334	ko00000,ko00001,ko00002,ko02044	3.A.23.1	-	DUF2345,Phage_GPD,T6SS_Vgr
LDZ24_RS15215	HlyD family secretion protein	WP_248323049.1	transmembrane transporter activity|0022857||IEA	transmembrane transport|0055085||IEA	membrane|0016020||IEA		-	PFAM secretion protein HlyD family protein	ko:K03543	M00701	ko00000,ko00002,ko02000	8.A.1.1	-	Biotin_lipoyl_2,HlyD_D23
LDZ24_RS15220	DHA2 family efflux MFS transporter permease subunit	WP_248323050.1	transmembrane transporter activity|0022857||IEA	xenobiotic transmembrane transport|0006855||IEA	membrane|0016020||IEA		-	Major facilitator Superfamily	ko:K03446	M00701	ko00000,ko00002,ko02000	2.A.1.3	-	MFS_1
LDZ24_RS15485	TRAP transporter large permease	WP_248323096.1	transmembrane transporter activity|0022857||IEA	carbohydrate transport|0008643||IEA	tripartite ATP-independent periplasmic transporter complex|0031317||IEA		-	Tripartite ATP-independent periplasmic transporter, DctM component	ko:K21393	-	ko00000,ko02000	2.A.56.1	-	DctM
LDZ24_RS15495	cellulose synthase subunit BcsC-related outer membrane protein	WP_248323097.1		cellulose biosynthetic process|0030244||IEA	outer membrane|0019867||IEA		-	cellulose synthase operon C domain protein	ko:K20543	-	ko00000,ko02000	1.B.55.3	-	BCSC_C,TPR_16,TPR_19,TPR_4,TPR_7,TPR_8
LDZ24_RS15505	cellulose biosynthesis cyclic di-GMP-binding regulatory protein BcsB	WP_248323099.1				bcsB	-	cellulose synthase	ko:K20541	-	ko00000,ko02000	4.D.3.1.6	-	BcsB
LDZ24_RS15640	ABC transporter permease	WP_248323124.1					-	Belongs to the binding-protein-dependent transport system permease family	ko:K01997,ko:K01998	M00237	ko00000,ko00001,ko00002,ko02000	3.A.1.4	-	BPD_transp_2
LDZ24_RS15655	ABC transporter substrate-binding protein	WP_248323127.1					-	PFAM Extracellular ligand-binding receptor	ko:K01999	M00237	ko00000,ko00001,ko00002,ko02000	3.A.1.4	-	Peripla_BP_6
LDZ24_RS15895	DMT family transporter	WP_248323167.1	transmembrane transporter activity|0022857||IEA	transmembrane transport|0055085||IEA	membrane|0016020||IEA		-	EamA-like transporter family	ko:K15270	-	ko00000,ko02000	2.A.7.3.7	-	EamA
LDZ24_RS15935	glutathione S-transferase family protein	WP_248323172.1	protein binding|0005515||IEA	glutathione metabolic process|0006749||IEA			-	Belongs to the GST superfamily	ko:K00799	-	ko00000,ko00001,ko01000,ko02000	1.A.12.2.2,1.A.12.3.2	-	GST_C,GST_C_3,GST_N,GST_N_3
LDZ24_RS16010	ABC transporter permease	WP_371747463.1	transmembrane transporter activity|0022857||IEA	carbohydrate transport|0008643||IEA	plasma membrane|0005886||IEA		-	Belongs to the binding-protein-dependent transport system permease family	ko:K10560	M00220	ko00000,ko00001,ko00002,ko02000	3.A.1.2.9	-	BPD_transp_2
LDZ24_RS16015	ABC transporter permease	WP_248323185.1	transmembrane transporter activity|0022857||IEA	carbohydrate transport|0008643||IEA	plasma membrane|0005886||IEA		-	Belongs to the binding-protein-dependent transport system permease family	ko:K10561	M00220	ko00000,ko00001,ko00002,ko02000	3.A.1.2.9	-	BPD_transp_2
LDZ24_RS16020	rhamnose ABC transporter substrate-binding protein	WP_248323186.1	rhamnose binding|0033296||IEA	rhamnose transmembrane transport|0015762||IEA	ATP-binding cassette (ABC) transporter complex, substrate-binding subunit-containing|0055052||IEA	rhaS	-	TIGRFAM rhamnose ABC transporter, periplasmic rhamnose-binding protein	ko:K10559	M00220	ko00000,ko00001,ko00002,ko02000	3.A.1.2.9	-	Peripla_BP_4
LDZ24_RS16055	HoxN/HupN/NixA family nickel/cobalt transporter	WP_248323190.1					-	Belongs to the NiCoT transporter (TC 2.A.52) family	ko:K07241	-	ko00000,ko02000	2.A.52.1	-	NicO
LDZ24_RS16115	magnesium/cobalt transporter CorA	WP_248323200.1	magnesium ion transmembrane transporter activity|0015095||IEA	magnesium ion transport|0015693||IEA	membrane|0016020||IEA	corA	-	Mediates influx of magnesium ions	ko:K03284	-	ko00000,ko02000	1.A.35.1,1.A.35.3	-	CorA
LDZ24_RS16355	extracellular solute-binding protein	WP_248323238.1					-	Bacterial extracellular solute-binding protein	ko:K02055	M00193	ko00000,ko00001,ko00002,ko02000	3.A.1.11	-	SBP_bac_8
LDZ24_RS16365	ABC transporter permease	WP_248323239.1	ABC-type transporter activity|0140359||IEA	transmembrane transport|0055085||IEA	ATP-binding cassette (ABC) transporter complex, substrate-binding subunit-containing|0055052||IEA		-	PFAM binding-protein-dependent transport systems inner membrane component	ko:K02054	M00193	ko00000,ko00001,ko00002,ko02000	3.A.1.11	-	BPD_transp_1
LDZ24_RS16370	ABC transporter permease	WP_371747464.1	ABC-type transporter activity|0140359||IEA	transmembrane transport|0055085||IEA	ATP-binding cassette (ABC) transporter complex, substrate-binding subunit-containing|0055052||IEA		-	PFAM binding-protein-dependent transport systems inner membrane component	ko:K02053	M00193	ko00000,ko00001,ko00002,ko02000	3.A.1.11	-	BPD_transp_1
LDZ24_RS16400	bifunctional lysylphosphatidylglycerol flippase/synthetase MprF	WP_248323244.1				mprF	-	Uncharacterised conserved protein (DUF2156)	ko:K07027,ko:K14205	M00726	ko00000,ko00001,ko00002,ko01000,ko01504,ko02000	2.A.1.3.37,4.D.2	-	DUF2156,LPG_synthase_TM
LDZ24_RS16545	mechanosensitive ion channel domain-containing protein	WP_248323325.1		transmembrane transport|0055085||IEA	membrane|0016020||IEA		-	mechanosensitive ion channel	ko:K22044	-	ko00000,ko02000	1.A.23.3	-	MS_channel
LDZ24_RS16570	ATP-binding cassette domain-containing protein	WP_248323327.1	ATP binding|0005524||IEA				-	ABC transporter, transmembrane region	ko:K06147	-	ko00000,ko02000	3.A.1.106,3.A.1.109,3.A.1.21	-	ABC_membrane,ABC_tran,Response_reg
LDZ24_RS16775	amino acid permease	WP_248322383.1	transmembrane transporter activity|0022857||IEA	transmembrane transport|0055085||IEA	membrane|0016020||IEA		-	amino acid	ko:K03294	-	ko00000	2.A.3.2	-	AA_permease_2
LDZ24_RS16835	peptidase domain-containing ABC transporter	WP_248322393.1					-	ABC transporter	ko:K06147	-	ko00000,ko02000	3.A.1.106,3.A.1.109,3.A.1.21	-	ABC_membrane,ABC_tran,Peptidase_C39,cNMP_binding
LDZ24_RS17010	b(o/a)3-type cytochrome-c oxidase subunit 1	WP_248322422.1					-	Cytochrome C oxidase subunit I	ko:K02274	M00155	ko00000,ko00001,ko00002,ko01000	3.D.4.2,3.D.4.3,3.D.4.4,3.D.4.6	-	COX1
LDZ24_RS17015	cytochrome C oxidase subunit II	WP_175941646.1					-	Cytochrome C oxidase subunit II, periplasmic domain	ko:K02275	M00155	ko00000,ko00001,ko00002,ko01000	3.D.4.2,3.D.4.4,3.D.4.6	-	COX2
LDZ24_RS17125	calcium:proton antiporter	WP_248322439.1					-	PFAM sodium calcium exchanger membrane region	ko:K07300	-	ko00000,ko02000	2.A.19	-	Na_Ca_ex
LDZ24_RS17155	cytochrome ubiquinol oxidase subunit I	WP_248322445.1					-	cytochrome bd ubiquinol oxidase, subunit I	ko:K00425	M00153	ko00000,ko00001,ko00002,ko01000	3.D.4.3	-	Cyt_bd_oxida_I
LDZ24_RS17160	cytochrome d ubiquinol oxidase subunit II	WP_206469509.1	oxidoreductase activity, acting on diphenols and related substances as donors, oxygen as acceptor|0016682||IEA			cydB	-	Cytochrome d ubiquinol oxidase, subunit II	ko:K00426	M00153	ko00000,ko00001,ko00002,ko01000	3.D.4.3	-	Cyt_bd_oxida_II
LDZ24_RS17335	efflux transporter outer membrane subunit	WP_305854709.1	porin activity|0015288||IEA	transport|0006810||IEA	cell outer membrane|0009279||IEA		-	RND efflux system, outer membrane lipoprotein	ko:K18903	M00698	ko00000,ko00002,ko01504,ko02000	1.B.17.3.3	-	OEP
LDZ24_RS17345	efflux RND transporter periplasmic adaptor subunit	WP_248322474.1	identical protein binding|0042802||IEA	transmembrane transport|0055085||IEA	membrane|0016020||IEA		-	Belongs to the membrane fusion protein (MFP) (TC 8.A.1) family	ko:K18901	M00698	ko00000,ko00002,ko01504,ko02000	2.A.6.2,8.A.1	-	Biotin_lipoyl_2,HlyD_3,HlyD_D23
LDZ24_RS17430	MFS transporter	WP_248322486.1					-	PFAM major facilitator superfamily MFS_1	ko:K08166	-	ko00000,ko02000	2.A.1.3.10	-	MFS_1,MFS_3
LDZ24_RS17520	MFS transporter	WP_248322500.1	transmembrane transporter activity|0022857||IEA	transmembrane transport|0055085||IEA			-	Major facilitator superfamily MFS_1	ko:K02575	M00615	ko00000,ko00001,ko00002,ko02000	2.A.1.8	-	MFS_1
LDZ24_RS17535	CmpA/NrtA family ABC transporter substrate-binding protein	WP_248322503.1	ABC-type transporter activity|0140359||IEA		ATP-binding cassette (ABC) transporter complex, substrate-binding subunit-containing|0055052||IEA		-	Nitrate ABC transporter	ko:K02051,ko:K15576,ko:K22067	M00188,M00438	ko00000,ko00001,ko00002,ko02000,ko02022	3.A.1.16,3.A.1.16.1,3.A.1.16.2,3.A.1.17	-	NMT1_2
LDZ24_RS17610	transporter	WP_248322516.1					-	PFAM Mg2 transporter protein CorA family protein	ko:K16074	-	ko00000,ko02000	1.A.35.4	-	CorA
LDZ24_RS17625	TolC family outer membrane protein	WP_248322519.1	efflux transmembrane transporter activity|0015562||IEA	transmembrane transport|0055085||IEA	outer membrane|0019867||IEA		-	Outer membrane efflux protein	ko:K12340	M00325,M00326,M00339,M00571,M00575,M00646,M00647,M00696,M00697,M00709,M00720,M00821	ko00000,ko00001,ko00002,ko01504,ko02000,ko02044	1.B.17,2.A.6.2	-	OEP
LDZ24_RS17630	peptidase domain-containing ABC transporter	WP_248322520.1	ABC-type transporter activity|0140359||IEA		ATP-binding cassette (ABC) transporter complex, substrate-binding subunit-containing|0055052||IEA		-	ABC transporter	ko:K13409	M00339	ko00000,ko00001,ko00002,ko02000,ko02044	3.A.1.110	-	ABC_membrane,ABC_tran,Peptidase_C39
LDZ24_RS17635	HlyD family efflux transporter periplasmic adaptor subunit	WP_248322521.1					-	HlyD family secretion protein	ko:K13408	M00339	ko00000,ko00001,ko00002,ko02000,ko02044	8.A.1	-	HlyD_3
LDZ24_RS17690	ABC transporter substrate-binding protein	WP_248322531.1					-	SMART extracellular solute-binding protein, family 3	ko:K02030	M00236	ko00000,ko00002,ko02000	3.A.1.3	-	SBP_bac_3
LDZ24_RS17765	ammonium transporter	WP_206469388.1	ammonium channel activity|0008519||IEA	ammonium transmembrane transport|0072488||IEA	membrane|0016020||IEA		-	Ammonium transporter	ko:K03320,ko:K06580	-	ko00000,ko02000,ko04090	1.A.11,1.A.11.4	-	Ammonium_transp
LDZ24_RS17770	TonB-dependent siderophore receptor	WP_248322541.1	signaling receptor activity|0038023||IEA	siderophore transport|0015891||IEA	cell outer membrane|0009279||IEA		-	TonB-dependent siderophore receptor	ko:K16090	-	ko00000,ko02000	1.B.14.1.11	-	Plug,TonB_dep_Rec
LDZ24_RS18000	M55 family metallopeptidase	WP_248322576.1					-	PFAM peptidase M55 D-aminopeptidase	ko:K16203	-	ko00000,ko01000,ko01002	3.A.1.5.2	-	Peptidase_M55
LDZ24_RS18180	MFS transporter	WP_248322605.1	transmembrane transporter activity|0022857||IEA	transmembrane transport|0055085||IEA			-	transporter	ko:K08369	-	ko00000,ko02000	2.A.1	-	Sugar_tr
LDZ24_RS18210	aspartate-alanine antiporter	WP_248322611.1	aspartate:alanine antiporter activity|0070906||IEA		membrane|0016020||IEA	aspT	-	Predicted Permease Membrane Region	ko:K07085	-	ko00000	2.A.81	-	Asp-Al_Ex,TrkA_C
LDZ24_RS18270	2-aminoethylphosphonate ABC transport system, membrane component PhnV	WP_248323339.1	ATPase-coupled 2-aminoethylphosphonate transporter activity|0033225||IEA	2-aminoethylphosphonate transport|0033223||IEA	membrane|0016020||IEA	phnV	-	2-aminoethylphosphonate ABC transport system, membrane component PhnV	ko:K11082	M00302	ko00000,ko00001,ko00002,ko02000	3.A.1.11.5	-	BPD_transp_1
LDZ24_RS18275	2-aminoethylphosphonate ABC transporter permease subunit	WP_248322622.1	ATPase-coupled 2-aminoethylphosphonate transporter activity|0033225||IEA	2-aminoethylphosphonate transport|0033223||IEA	membrane|0016020||IEA	phnU	-	2-aminoethylphosphonate ABC transporter, permease protein	ko:K11083	M00302	ko00000,ko00001,ko00002,ko02000	3.A.1.11.5	-	BPD_transp_1
LDZ24_RS18285	2-aminoethylphosphonate ABC transporter substrate-binding protein	WP_248322624.1	2-aminoethylphosphonate binding|0033226||IEA	2-aminoethylphosphonate transport|0033223||IEA	ATP-binding cassette (ABC) transporter complex, substrate-binding subunit-containing|0055052||IEA	phnS	-	2-aminoethylphosphonate ABC transporter, 2-aminoethylphosphonate binding protein	ko:K02055,ko:K11081	M00193,M00302	ko00000,ko00001,ko00002,ko02000	3.A.1.11,3.A.1.11.5	-	SBP_bac_6
LDZ24_RS18605	oxalate/formate MFS antiporter	WP_206469222.1	oxalate transmembrane transporter activity|0019531||IEA	oxalate transport|0019532||IEA	membrane|0016020||IEA	oxlT	-	Major Facilitator Superfamily	ko:K08177	-	ko00000,ko02000	2.A.1.11	-	MFS_1
LDZ24_RS18650	hypothetical protein	WP_248322683.1					-	ABC transporter, ATP-binding protein	ko:K02471	-	ko00000,ko00001,ko02000	3.A.1.203.11,3.A.1.203.4	-	ABC_membrane_2,ABC_tran
LDZ24_RS18710	porin	WP_248322693.1	porin activity|0015288||IEA		cell outer membrane|0009279||IEA		GO:0005575,GO:0005623,GO:0009279,GO:0016020,GO:0019867,GO:0030312,GO:0030313,GO:0031975,GO:0044462,GO:0044464,GO:0071944	PFAM porin Gram-negative type	ko:K03285	-	ko00000	1.B.1	-	Porin_4
LDZ24_RS18880	ABC transporter permease	WP_248322721.1	transmembrane transporter activity|0022857||IEA				-	PFAM binding-protein-dependent transport systems inner membrane component	ko:K02050	M00188	ko00000,ko00002,ko02000	3.A.1.16,3.A.1.17	-	BPD_transp_1
LDZ24_RS18890	ABC transporter substrate-binding protein	WP_248322722.1	ABC-type transporter activity|0140359||IEA		ATP-binding cassette (ABC) transporter complex, substrate-binding subunit-containing|0055052||IEA		-	transport system substrate-binding protein	ko:K02051	M00188	ko00000,ko00002,ko02000	3.A.1.16,3.A.1.17	-	NMT1_2
LDZ24_RS18945	MFS transporter	WP_248322734.1	transmembrane transporter activity|0022857||IEA	transmembrane transport|0055085||IEA			-	Major facilitator superfamily MFS_1	ko:K08195	-	ko00000,ko02000	2.A.1.15	-	MFS_1,MFS_4,Sugar_tr
LDZ24_RS19240	hypothetical protein	WP_248322787.1					-	-	ko:K03646	-	ko00000,ko02000	2.C.1.2	-	-
LDZ24_RS19285	EamA family transporter RarD	WP_248322795.1	transporter activity|0005215||IEA	transport|0006810||IEA	plasma membrane|0005886||IEA	rarD	-	RarD protein, DMT superfamily transporter	ko:K05786	-	ko00000,ko02000	2.A.7.7	-	EamA
LDZ24_RS19380	phospholipid-binding protein MlaC	WP_244849638.1					-	PFAM toluene tolerance family protein	ko:K07323	M00210	ko00000,ko00001,ko00002,ko02000	3.A.1.27.3	-	MlaC
LDZ24_RS19495	glutathione S-transferase family protein	WP_248322831.1	protein binding|0005515||IEA	glutathione metabolic process|0006749||IEA			-	Glutathione S-transferase	ko:K00799	-	ko00000,ko00001,ko01000,ko02000	1.A.12.2.2,1.A.12.3.2	-	GST_C,GST_C_2,GST_C_3,GST_N,GST_N_3
LDZ24_RS19625	potassium channel family protein	WP_248323787.1	potassium channel activity|0005267||IEA	monoatomic ion transmembrane transport|0034220||IEA			-	Ion transport 2 domain protein	ko:K10716	-	ko00000,ko02000	1.A.1.1,1.A.1.13,1.A.1.17,1.A.1.24,1.A.1.25,1.A.1.6	-	Ion_trans_2
LDZ24_RS19635	cation-transporting P-type ATPase	WP_248323789.1					-	ATPase, P-type (transporting), HAD superfamily, subfamily IC	ko:K01537	-	ko00000,ko01000	3.A.3.2	-	Cation_ATPase,Cation_ATPase_C,Cation_ATPase_N,E1-E2_ATPase,Hydrolase,Hydrolase_3
LDZ24_RS19925	sugar ABC transporter substrate-binding protein	WP_175942651.1					-	ABC transporter substrate-binding protein	ko:K10439	M00212	ko00000,ko00001,ko00002,ko02000	3.A.1.2.1,3.A.1.2.13,3.A.1.2.19	-	Peripla_BP_4
LDZ24_RS19935	ABC transporter permease	WP_248323843.1					-	Belongs to the binding-protein-dependent transport system permease family	ko:K10440	M00212	ko00000,ko00001,ko00002,ko02000	3.A.1.2.1,3.A.1.2.13,3.A.1.2.19	-	BPD_transp_2
LDZ24_RS20005	sugar-binding protein	WP_248323854.1					-	Periplasmic binding proteins and sugar binding domain of LacI family	ko:K10439	M00212	ko00000,ko00001,ko00002,ko02000	3.A.1.2.1,3.A.1.2.13,3.A.1.2.19	-	Peripla_BP_4
LDZ24_RS20090	transporter substrate-binding domain-containing protein	WP_248323870.1					-	belongs to the bacterial solute-binding protein 3 family	ko:K02030	M00236	ko00000,ko00002,ko02000	3.A.1.3	-	SBP_bac_3
LDZ24_RS20095	chromate efflux transporter	WP_248323871.1	chromate transmembrane transporter activity|0015109||IEA	chromate transport|0015703||IEA		chrA	-	TIGRFAM chromate transporter, chromate ion transporter (CHR) family	ko:K07240	-	ko00000,ko02000	2.A.51.1	-	Chromate_transp
LDZ24_RS20165	type VI secretion system contractile sheath small subunit	WP_248323883.1		protein secretion by the type VI secretion system|0033103||IEA		tssB	-	TIGRFAM type VI secretion protein, VC_A0107 family	ko:K11901	M00334	ko00000,ko00001,ko00002,ko02044	3.A.23.1	-	T6SS_VipA
LDZ24_RS20170	type VI secretion system contractile sheath large subunit	WP_248323884.1		protein secretion by the type VI secretion system|0033103||IEA	type VI protein secretion system complex|0033104||IEA	tssC	-	type VI secretion protein	ko:K11900	M00334	ko00000,ko00001,ko00002,ko02044	3.A.23.1	-	VipB
LDZ24_RS20180	type VI secretion system baseplate subunit TssF	WP_248323886.1		protein secretion by the type VI secretion system|0033103||IEA		tssF	-	type VI secretion protein	ko:K11896	M00334	ko00000,ko00002,ko02044	3.A.23.1	-	T6SS_TssF
LDZ24_RS20185	type VI secretion system baseplate subunit TssG	WP_248323887.1		protein secretion by the type VI secretion system|0033103||IEA		tssG	-	type VI secretion protein	ko:K11895	M00334	ko00000,ko00001,ko00002,ko02044	3.A.23.1	-	T6SS_TssG
LDZ24_RS20200	type VI secretion system Vgr family protein	WP_248323890.1		protein secretion by the type VI secretion system|0033103||IEA	type VI protein secretion system complex|0033104||IEA		-	Rhs element Vgr	ko:K11904	M00334	ko00000,ko00001,ko00002,ko02044	3.A.23.1	-	Phage_GPD
LDZ24_RS20210	type VI secretion system baseplate subunit TssK	WP_248323892.1		protein secretion by the type VI secretion system|0033103||IEA		tssK	-	type VI secretion protein	ko:K11893	M00334	ko00000,ko00001,ko00002,ko02044	3.A.23.1	-	T6SS_VasE
LDZ24_RS20215	type VI secretion system protein TssL, long form	WP_248323893.1		protein secretion by the type VI secretion system|0033103||IEA	type VI protein secretion system complex|0033104||IEA	tssL	-	type VI secretion system OmpA MotB family protein	ko:K11892	M00334	ko00000,ko00001,ko00002,ko02044	3.A.23.1	-	DotU,OmpA
LDZ24_RS20220	type VI secretion system membrane subunit TssM	WP_248323894.1		protein secretion by the type VI secretion system|0033103||IEA		tssM	-	type VI secretion protein	ko:K11891	M00334	ko00000,ko00001,ko00002,ko02044	3.A.23.1	-	IcmF-related,IcmF_C,ImcF-related_N
LDZ24_RS20325	ABC transporter substrate-binding protein	WP_248323914.1	ABC-type transporter activity|0140359||IEA		ATP-binding cassette (ABC) transporter complex, substrate-binding subunit-containing|0055052||IEA		-	ABC transporter substrate-binding protein	ko:K17315	M00605	ko00000,ko00001,ko00002,ko02000	3.A.1.1.24,3.A.1.1.30	-	SBP_bac_1
LDZ24_RS20395	arsenic transporter	WP_248323928.1					-	Citrate transporter	ko:K03893	-	ko00000,ko02000	2.A.45.1,3.A.4.1	-	ArsB,CitMHS
LDZ24_RS20400	DMT family transporter	WP_248323929.1	transporter activity|0005215||IEA	transmembrane transport|0055085||IEA	plasma membrane|0005886||IEA		-	Putative inner membrane exporter, YdcZ	ko:K09936	-	ko00000,ko00001,ko02000	2.A.7.21	-	DMT_YdcZ
LDZ24_RS20555	type VI secretion system membrane subunit TssM	WP_248323959.1		protein secretion by the type VI secretion system|0033103||IEA		tssM	-	type VI secretion protein	ko:K11891	M00334	ko00000,ko00001,ko00002,ko02044	3.A.23.1	-	IcmF-related,IcmF_C,ImcF-related_N
LDZ24_RS20560	DotU family type VI secretion system protein	WP_248323960.1					-	type VI secretion system OmpA MotB family protein	ko:K11892	M00334	ko00000,ko00001,ko00002,ko02044	3.A.23.1	-	DotU,OmpA
LDZ24_RS20565	type VI secretion system baseplate subunit TssK	WP_248323961.1		protein secretion by the type VI secretion system|0033103||IEA		tssK	-	type VI secretion protein	ko:K11893	M00334	ko00000,ko00001,ko00002,ko02044	3.A.23.1	-	T6SS_VasE
LDZ24_RS20570	type VI secretion system lipoprotein TssJ	WP_248323962.1		protein secretion by the type VI secretion system|0033103||IEA		tssJ	-	TIGRFAM type VI secretion lipoprotein, VC_A0113 family	ko:K11906	M00334	ko00000,ko00001,ko00002,ko02044	3.A.23.1	-	T6SS-SciN
LDZ24_RS20625	type VI secretion system contractile sheath small subunit	WP_248323972.1		protein secretion by the type VI secretion system|0033103||IEA		tssB	-	TIGRFAM type VI secretion protein, VC_A0107 family	ko:K11901	M00334	ko00000,ko00001,ko00002,ko02044	3.A.23.1	-	T6SS_VipA
LDZ24_RS20630	type VI secretion system contractile sheath large subunit	WP_248323973.1		protein secretion by the type VI secretion system|0033103||IEA	type VI protein secretion system complex|0033104||IEA	tssC	-	type VI secretion protein	ko:K11900	M00334	ko00000,ko00001,ko00002,ko02044	3.A.23.1	-	VipB
LDZ24_RS20650	type VI secretion system baseplate subunit TssG	WP_248323977.1		protein secretion by the type VI secretion system|0033103||IEA		tssG	-	type VI secretion protein	ko:K11895	M00334	ko00000,ko00001,ko00002,ko02044	3.A.23.1	-	T6SS_TssG
LDZ24_RS20655	type VI secretion system baseplate subunit TssF	WP_248323978.1		protein secretion by the type VI secretion system|0033103||IEA		tssF	-	type VI secretion protein	ko:K11896	M00334	ko00000,ko00002,ko02044	3.A.23.1	-	T6SS_TssF
LDZ24_RS20675	type VI secretion system Vgr family protein	WP_248323982.1		protein secretion by the type VI secretion system|0033103||IEA	type VI protein secretion system complex|0033104||IEA		-	Rhs element Vgr	ko:K11904	M00334	ko00000,ko00001,ko00002,ko02044	3.A.23.1	-	Gp5_C,Phage_GPD
LDZ24_RS20695	SulP family inorganic anion transporter	WP_248323986.1	inorganic anion transmembrane transporter activity|0015103||IEA		membrane|0016020||IEA		-	sulphate transporter	ko:K03321	-	ko00000,ko02000	2.A.53.3	-	Sulfate_transp
LDZ24_RS20720	BMP family ABC transporter substrate-binding protein	WP_248323991.1					-	ABC transporter substrate-binding protein PnrA-like	ko:K02058,ko:K07335	M00221	ko00000,ko00002,ko02000	3.A.1.2	-	Bmp
LDZ24_RS20725	ABC transporter permease	WP_248323992.1	ABC-type transporter activity|0140359||IEA				-	Branched-chain amino acid transport system / permease component	ko:K02057	M00221	ko00000,ko00002,ko02000	3.A.1.2	-	BPD_transp_2
LDZ24_RS20730	ABC transporter permease	WP_248323993.1			plasma membrane|0005886||IEA		-	Belongs to the binding-protein-dependent transport system permease family	ko:K02057	M00221	ko00000,ko00002,ko02000	3.A.1.2	-	BPD_transp_2
LDZ24_RS20740	ABC transporter ATP-binding protein	WP_248323995.1	ABC-type transporter activity|0140359||IEA				-	ATPases associated with a variety of cellular activities	ko:K02056	M00221	ko00000,ko00002,ko01000,ko02000	3.A.1.2	-	ABC_tran
LDZ24_RS20775	MFS transporter	WP_248324000.1	transmembrane transporter activity|0022857||IEA	transmembrane transport|0055085||IEA			-	Major facilitator superfamily MFS_1	ko:K03762	-	ko00000,ko02000	2.A.1.6.4	-	MFS_1,Sugar_tr
LDZ24_RS20840	ABC transporter ATP-binding protein	WP_248324013.1	ABC-type transporter activity|0140359||IEA				-	Belongs to the ABC transporter superfamily	ko:K17324	M00607	ko00000,ko00001,ko00002,ko02000	3.A.1.1.35	-	ABC_tran,TOBE_2
LDZ24_RS20850	carbohydrate ABC transporter permease	WP_175942867.1	ABC-type transporter activity|0140359||IEA	transmembrane transport|0055085||IEA			-	PFAM binding-protein-dependent transport systems inner membrane component	ko:K17322	M00607	ko00000,ko00001,ko00002,ko02000	3.A.1.1.35	-	BPD_transp_1
LDZ24_RS20855	carbohydrate ABC transporter permease	WP_175942869.1		transmembrane transport|0055085||IEA			-	PFAM binding-protein-dependent transport systems inner membrane component	ko:K17323	M00607	ko00000,ko00001,ko00002,ko02000	3.A.1.1.35	-	BPD_transp_1
LDZ24_RS20865	ABC transporter substrate-binding protein	WP_248324015.1	ABC-type transporter activity|0140359||IEA		ATP-binding cassette (ABC) transporter complex, substrate-binding subunit-containing|0055052||IEA		-	PFAM extracellular solute-binding protein family 1	ko:K17321	M00607	ko00000,ko00001,ko00002,ko02000	3.A.1.1.35	-	SBP_bac_1,SBP_bac_8
LDZ24_RS21110	glutathione S-transferase family protein	WP_248324059.1					-	Glutathione S-transferase	ko:K00799	-	ko00000,ko00001,ko01000,ko02000	1.A.12.2.2,1.A.12.3.2	-	GST_C_2,GST_N_2,GST_N_3
LDZ24_RS21300	glutathione S-transferase family protein	WP_248324082.1					-	Glutathione S-transferase	ko:K00799	-	ko00000,ko00001,ko01000,ko02000	1.A.12.2.2,1.A.12.3.2	-	GST_C_2,GST_N_2,GST_N_3
LDZ24_RS21655	ABC transporter substrate-binding protein	WP_248324137.1					-	PFAM extracellular solute-binding protein, family 5	ko:K02035,ko:K12368	M00239,M00324	ko00000,ko00001,ko00002,ko02000	3.A.1.5	-	SBP_bac_5
LDZ24_RS21740	ABC transporter substrate-binding protein	WP_248324152.1					-	Bacterial extracellular solute-binding proteins, family 5 Middle	ko:K02035,ko:K15584	M00239,M00440	ko00000,ko00001,ko00002,ko02000	3.A.1.5	-	SBP_bac_5
LDZ24_RS21795	substrate-binding domain-containing protein	WP_371747487.1					-	PFAM periplasmic binding protein LacI transcriptional regulator	ko:K10439	M00212	ko00000,ko00001,ko00002,ko02000	3.A.1.2.1,3.A.1.2.13,3.A.1.2.19	-	Peripla_BP_4
LDZ24_RS21890	MFS transporter	WP_248324177.1					-	TIGRFAM metabolite H symporter, major facilitator superfamily (MFS)	ko:K03288	-	ko00000,ko02000	2.A.1.6.1,2.A.1.6.7	-	MFS_1,Sugar_tr
LDZ24_RS21925	ABC transporter permease	WP_248324184.1	ABC-type transporter activity|0140359||IEA	transmembrane transport|0055085||IEA	ATP-binding cassette (ABC) transporter complex, substrate-binding subunit-containing|0055052||IEA		-	PFAM binding-protein-dependent transport systems inner membrane component	ko:K02053	M00193	ko00000,ko00001,ko00002,ko02000	3.A.1.11	-	BPD_transp_1
LDZ24_RS21930	ABC transporter permease subunit	WP_248324185.1					-	PFAM binding-protein-dependent transport systems inner membrane component	ko:K02054	M00193	ko00000,ko00001,ko00002,ko02000	3.A.1.11	-	BPD_transp_1
LDZ24_RS21935	ABC transporter substrate-binding protein	WP_248324186.1					-	PFAM extracellular solute-binding protein family 1	ko:K02055	M00193	ko00000,ko00001,ko00002,ko02000	3.A.1.11	-	SBP_bac_6
LDZ24_RS21955	transporter substrate-binding domain-containing protein	WP_206470330.1					-	Periplasmic binding protein domain	ko:K01999	M00237	ko00000,ko00001,ko00002,ko02000	3.A.1.4	-	Peripla_BP_5
LDZ24_RS21970	ABC transporter ATP-binding protein	WP_248324191.1	ATP binding|0005524||IEA				-	ABC transporter	ko:K01995	M00237	ko00000,ko00001,ko00002,ko02000	3.A.1.4	-	ABC_tran
LDZ24_RS21975	ABC transporter permease	WP_248324192.1					-	Belongs to the binding-protein-dependent transport system permease family	ko:K01998	M00237	ko00000,ko00001,ko00002,ko02000	3.A.1.4	-	BPD_transp_2
LDZ24_RS21980	branched-chain amino acid ABC transporter permease	WP_175943200.1					-	Belongs to the binding-protein-dependent transport system permease family	ko:K01997	M00237	ko00000,ko00001,ko00002,ko02000	3.A.1.4	-	BPD_transp_2
LDZ24_RS21985	urea ABC transporter substrate-binding protein	WP_206470334.1	ATPase-coupled urea transmembrane transporter activity|0033221||IEA	urea transport|0015840||IEA	ATP-binding cassette (ABC) transporter complex, substrate-binding subunit-containing|0055052||IEA		-	Periplasmic binding protein domain	ko:K01999	M00237	ko00000,ko00001,ko00002,ko02000	3.A.1.4	-	Peripla_BP_6
LDZ24_RS21995	ABC transporter substrate-binding protein	WP_248324194.1					-	branched-chain amino acid	ko:K01999	M00237	ko00000,ko00001,ko00002,ko02000	3.A.1.4	-	Peripla_BP_6
LDZ24_RS22000	branched-chain amino acid ABC transporter permease	WP_248324195.1	ABC-type transporter activity|0140359||IEA		ATP-binding cassette (ABC) transporter complex|0043190||IEA		-	Belongs to the binding-protein-dependent transport system permease family	ko:K01997	M00237	ko00000,ko00001,ko00002,ko02000	3.A.1.4	-	BPD_transp_2
LDZ24_RS22005	branched-chain amino acid ABC transporter permease	WP_248324196.1					-	Belongs to the binding-protein-dependent transport system permease family	ko:K01998	M00237	ko00000,ko00001,ko00002,ko02000	3.A.1.4	-	BPD_transp_2
LDZ24_RS22050	ABC transporter permease	WP_248324203.1	transmembrane transporter activity|0022857||IEA	carbohydrate transport|0008643||IEA	plasma membrane|0005886||IEA		-	Belongs to the binding-protein-dependent transport system permease family	ko:K10440	M00212	ko00000,ko00001,ko00002,ko02000	3.A.1.2.1,3.A.1.2.13,3.A.1.2.19	-	BPD_transp_2
LDZ24_RS22055	ABC transporter permease	WP_248324204.1	transmembrane transporter activity|0022857||IEA	carbohydrate transport|0008643||IEA	plasma membrane|0005886||IEA		-	Branched-chain amino acid transport system / permease component	ko:K10440	M00212	ko00000,ko00001,ko00002,ko02000	3.A.1.2.1,3.A.1.2.13,3.A.1.2.19	-	BPD_transp_2
LDZ24_RS22065	sugar ABC transporter substrate-binding protein	WP_248324206.1					-	Periplasmic binding protein domain	ko:K10439	M00212	ko00000,ko00001,ko00002,ko02000	3.A.1.2.1,3.A.1.2.13,3.A.1.2.19	-	Peripla_BP_4
LDZ24_RS22085	c-type cytochrome	WP_248324209.1	heme binding|0020037||IEA				-	PFAM cytochrome c, class I	ko:K02030	M00236	ko00000,ko00002,ko02000	3.A.1.3	-	Cytochrome_CBB3,SBP_bac_3
LDZ24_RS22100	NCS1 family nucleobase:cation symporter-1	WP_248323362.1					-	PFAM permease for cytosine purines, uracil, thiamine, allantoin	ko:K03457	-	ko00000	2.A.39	-	Transp_cyt_pur
LDZ24_RS22155	porin	WP_248323373.1	porin activity|0015288||IEA		cell outer membrane|0009279||IEA		-	Gram-negative porin	ko:K03285	-	ko00000	1.B.1	-	Porin_4
LDZ24_RS22165	putative urea ABC transporter substrate-binding protein	WP_248323375.1					-	NMT1/THI5 like	ko:K02051	M00188	ko00000,ko00002,ko02000	3.A.1.16,3.A.1.17	-	NMT1
LDZ24_RS22170	ABC transporter permease	WP_248323376.1	transmembrane transporter activity|0022857||IEA				-	PFAM binding-protein-dependent transport systems inner membrane component	ko:K02050	M00188	ko00000,ko00002,ko02000	3.A.1.16,3.A.1.17	-	BPD_transp_1
LDZ24_RS22285	branched-chain amino acid ABC transporter substrate-binding protein	WP_371747468.1	ABC-type transporter activity|0140359||IEA	transmembrane transport|0055085||IEA			-	Receptor family ligand binding region	ko:K01999	M00237	ko00000,ko00001,ko00002,ko02000	3.A.1.4	-	Peripla_BP_6
LDZ24_RS22295	TonB-dependent receptor	WP_248323400.1			membrane|0016020||IEA		-	TonB dependent receptor	ko:K02014	-	ko00000,ko02000	1.B.14	-	Plug,TonB_dep_Rec
LDZ24_RS22355	ABC transporter substrate-binding protein	WP_248323412.1	ABC-type transporter activity|0140359||IEA		ATP-binding cassette (ABC) transporter complex, substrate-binding subunit-containing|0055052||IEA		-	PFAM extracellular solute-binding protein family 1	ko:K02055	M00193	ko00000,ko00001,ko00002,ko02000	3.A.1.11	-	SBP_bac_8
LDZ24_RS22360	ABC transporter permease	WP_248323413.1	ABC-type transporter activity|0140359||IEA	transmembrane transport|0055085||IEA	ATP-binding cassette (ABC) transporter complex, substrate-binding subunit-containing|0055052||IEA		-	PFAM binding-protein-dependent transport systems inner membrane component	ko:K02054	M00193	ko00000,ko00001,ko00002,ko02000	3.A.1.11	-	BPD_transp_1
LDZ24_RS22365	ABC transporter permease	WP_248323414.1	ABC-type transporter activity|0140359||IEA	transmembrane transport|0055085||IEA	ATP-binding cassette (ABC) transporter complex, substrate-binding subunit-containing|0055052||IEA		-	PFAM binding-protein-dependent transport systems inner membrane component	ko:K02053	M00193	ko00000,ko00001,ko00002,ko02000	3.A.1.11	-	BPD_transp_1
LDZ24_RS22435	c-type cytochrome	WP_248323428.1					-	cytochrome	ko:K08738	M00595	ko00000,ko00001,ko00002	3.D.4.6	-	Cytochrome_CBB3
LDZ24_RS22495	ABC transporter substrate-binding protein	WP_248323438.1					-	ABC transporter substrate-binding protein	ko:K10439	M00212	ko00000,ko00001,ko00002,ko02000	3.A.1.2.1,3.A.1.2.13,3.A.1.2.19	-	Peripla_BP_4
LDZ24_RS22505	ABC transporter permease	WP_248323440.1	transmembrane transporter activity|0022857||IEA	carbohydrate transport|0008643||IEA	plasma membrane|0005886||IEA		-	Belongs to the binding-protein-dependent transport system permease family	ko:K10440	M00212	ko00000,ko00001,ko00002,ko02000	3.A.1.2.1,3.A.1.2.13,3.A.1.2.19	-	BPD_transp_2
LDZ24_RS22510	ABC transporter permease	WP_175943370.1	transmembrane transporter activity|0022857||IEA	carbohydrate transport|0008643||IEA	plasma membrane|0005886||IEA		-	Belongs to the binding-protein-dependent transport system permease family	ko:K10440	M00212	ko00000,ko00001,ko00002,ko02000	3.A.1.2.1,3.A.1.2.13,3.A.1.2.19	-	BPD_transp_2
LDZ24_RS22515	sugar ABC transporter ATP-binding protein	WP_248323441.1	ABC-type transporter activity|0140359||IEA				-	Abc transporter	ko:K10441	M00212	ko00000,ko00001,ko00002,ko01000,ko02000	3.A.1.2.1,3.A.1.2.13,3.A.1.2.19	-	ABC_tran
LDZ24_RS22520	substrate-binding domain-containing protein	WP_206470401.1					-	Periplasmic binding protein domain	ko:K10439	M00212	ko00000,ko00001,ko00002,ko02000	3.A.1.2.1,3.A.1.2.13,3.A.1.2.19	-	Peripla_BP_4
LDZ24_RS22575	ABC transporter substrate-binding protein	WP_248323452.1	ABC-type transporter activity|0140359||IEA		ATP-binding cassette (ABC) transporter complex, substrate-binding subunit-containing|0055052||IEA		-	PFAM extracellular solute-binding protein family 1	ko:K02055	M00193	ko00000,ko00001,ko00002,ko02000	3.A.1.11	-	SBP_bac_6,SBP_bac_8
LDZ24_RS22585	ABC transporter permease	WP_248323453.1	ABC-type transporter activity|0140359||IEA	transmembrane transport|0055085||IEA	ATP-binding cassette (ABC) transporter complex, substrate-binding subunit-containing|0055052||IEA		-	PFAM binding-protein-dependent transport systems inner membrane component	ko:K02054	M00193	ko00000,ko00001,ko00002,ko02000	3.A.1.11	-	BPD_transp_1
LDZ24_RS22590	ABC transporter permease	WP_248323454.1	ABC-type transporter activity|0140359||IEA	transmembrane transport|0055085||IEA	ATP-binding cassette (ABC) transporter complex, substrate-binding subunit-containing|0055052||IEA		-	PFAM binding-protein-dependent transport systems inner membrane component	ko:K02053	M00193	ko00000,ko00001,ko00002,ko02000	3.A.1.11	-	BPD_transp_1
LDZ24_RS22705	ABC transporter permease	WP_248323474.1	transmembrane transporter activity|0022857||IEA	carbohydrate transport|0008643||IEA	plasma membrane|0005886||IEA		-	Belongs to the binding-protein-dependent transport system permease family	ko:K02057	M00221	ko00000,ko00002,ko02000	3.A.1.2	-	BPD_transp_2
LDZ24_RS22715	sugar ABC transporter substrate-binding protein	WP_248323476.1					-	Periplasmic binding proteins and sugar binding domain of LacI family	ko:K10439	M00212	ko00000,ko00001,ko00002,ko02000	3.A.1.2.1,3.A.1.2.13,3.A.1.2.19	-	Peripla_BP_4
LDZ24_RS22810	choline ABC transporter substrate-binding protein	WP_248323493.1					-	PFAM Substrate-binding region of ABC-type glycine betaine transport system	ko:K02002	M00208	ko00000,ko00001,ko00002,ko02000	3.A.1.12	-	OpuAC
LDZ24_RS22820	porin	WP_248323495.1	porin activity|0015288||IEA		cell outer membrane|0009279||IEA		-	PFAM porin Gram-negative type	ko:K08720	-	ko00000,ko00001,ko02000	1.B.1.2.1	-	Porin_4
LDZ24_RS22825	choline ABC transporter substrate-binding protein	WP_248323496.1					-	PFAM Substrate-binding region of ABC-type glycine betaine transport system	ko:K02002	M00208	ko00000,ko00001,ko00002,ko02000	3.A.1.12	-	OpuAC
LDZ24_RS22855	choline ABC transporter substrate-binding protein	WP_371747470.1					-	choline ABC transporter, periplasmic binding	ko:K02002	M00208	ko00000,ko00001,ko00002,ko02000	3.A.1.12	-	OpuAC
LDZ24_RS22940	cytochrome c oxidase subunit I	WP_248323515.1	cytochrome-c oxidase activity|0004129||IEA	electron transport coupled proton transport|0015990||IEA		ctaD	-	Cytochrome c oxidase is the component of the respiratory chain that catalyzes the reduction of oxygen to water. Subunits 1- 3 form the functional core of the enzyme complex. CO I is the catalytic subunit of the enzyme. Electrons originating in cytochrome c are transferred via the copper A center of subunit 2 and heme A of subunit 1 to the bimetallic center formed by heme A3 and copper B	ko:K02274,ko:K02298,ko:K15408	M00155,M00417	ko00000,ko00001,ko00002,ko01000	3.D.4.2,3.D.4.3,3.D.4.4,3.D.4.5,3.D.4.6	-	COX1,COX3
LDZ24_RS22945	cytochrome c oxidase subunit II	WP_248323516.1	cytochrome-c oxidase activity|0004129||IEA		membrane|0016020||IEA	coxB	-	cytochrome c oxidase subunit II	ko:K02275	M00155	ko00000,ko00001,ko00002,ko01000	3.D.4.2,3.D.4.4,3.D.4.6	-	COX2,Cytochrom_C
LDZ24_RS22975	ABC transporter permease	WP_248323521.1	transmembrane transporter activity|0022857||IEA	carbohydrate transport|0008643||IEA	plasma membrane|0005886||IEA		-	Belongs to the binding-protein-dependent transport system permease family	ko:K10440	M00212	ko00000,ko00001,ko00002,ko02000	3.A.1.2.1,3.A.1.2.13,3.A.1.2.19	-	BPD_transp_2
LDZ24_RS22980	ABC transporter permease	WP_248323522.1	transmembrane transporter activity|0022857||IEA	carbohydrate transport|0008643||IEA	plasma membrane|0005886||IEA		-	Belongs to the binding-protein-dependent transport system permease family	ko:K10440	M00212	ko00000,ko00001,ko00002,ko02000	3.A.1.2.1,3.A.1.2.13,3.A.1.2.19	-	BPD_transp_2
LDZ24_RS23015	sugar ABC transporter substrate-binding protein	WP_248323529.1					-	Periplasmic binding protein domain	ko:K02058	M00221	ko00000,ko00002,ko02000	3.A.1.2	-	Peripla_BP_4
LDZ24_RS23020	ABC transporter permease	WP_248323530.1	transmembrane transporter activity|0022857||IEA	carbohydrate transport|0008643||IEA	plasma membrane|0005886||IEA		-	Belongs to the binding-protein-dependent transport system permease family	ko:K02057	M00221	ko00000,ko00002,ko02000	3.A.1.2	-	BPD_transp_2
LDZ24_RS23025	ATP-binding cassette domain-containing protein	WP_248323531.1	ATP binding|0005524||IEA				-	abc transporter	ko:K02056	M00221	ko00000,ko00002,ko01000,ko02000	3.A.1.2	-	ABC_tran
LDZ24_RS23220	bacteriohopanetetrol glucosamine biosynthesis glycosyltransferase HpnI	WP_248323567.1	glycosyltransferase activity|0016757||IEA			hpnI	-	Pfam Glycosyl transferase family 2	ko:K00720	M00066	ko00000,ko00001,ko00002,ko01000,ko01003,ko02000	4.D.1.4	GT21	Glyco_transf_21
LDZ24_RS23245	MFS transporter	WP_248323572.1	transmembrane transporter activity|0022857||IEA	transmembrane transport|0055085||IEA			-	Major facilitator transporter	ko:K08194	-	ko00000,ko02000	2.A.1.14.7	-	MFS_1
LDZ24_RS23420	EAL domain-containing protein	WP_248323601.1					-	domain protein	ko:K03320	-	ko00000,ko02000	1.A.11	-	DUF2222,EAL,GGDEF,HAMP,PAS,PAS_3,PAS_4,PAS_9
LDZ24_RS23485	MgtC/SapB family protein	WP_248323611.1			plasma membrane|0005886||IEA		-	MgtC family	ko:K07507	-	ko00000,ko02000	9.B.20	-	MgtC
LDZ24_RS23595	cytochrome c oxidase subunit II	WP_248323627.1	cytochrome-c oxidase activity|0004129||IEA		membrane|0016020||IEA	coxB	-	cytochrome c oxidase subunit II	ko:K02275	M00155	ko00000,ko00001,ko00002,ko01000	3.D.4.2,3.D.4.4,3.D.4.6	-	COX2,Cytochrom_C
LDZ24_RS23635	CidA/LrgA family protein	WP_248323634.1					-	PFAM LrgA family protein	ko:K06518	-	ko00000,ko02000	1.E.14.2	-	LrgA
LDZ24_RS23770	DMT family transporter	WP_248323655.1	transporter activity|0005215||IEA	transmembrane transport|0055085||IEA	plasma membrane|0005886||IEA		-	Putative inner membrane exporter, YdcZ	ko:K09936	-	ko00000,ko00001,ko02000	2.A.7.21	-	DMT_YdcZ,Ycf66_N
LDZ24_RS23880	sodium:alanine symporter family protein	WP_248323674.1	symporter activity|0015293||IEA	amino acid transport|0006865||IEA	membrane|0016020||IEA		-	Amino acid carrier	ko:K03310	-	ko00000	2.A.25	-	Na_Ala_symp
LDZ24_RS24010	ABC transporter substrate-binding protein	WP_248323697.1	ABC-type transporter activity|0140359||IEA		ATP-binding cassette (ABC) transporter complex, substrate-binding subunit-containing|0055052||IEA		-	NMT1-like family	ko:K02051	M00188	ko00000,ko00002,ko02000	3.A.1.16,3.A.1.17	-	NMT1_2
LDZ24_RS24035	sugar efflux transporter	WP_248323702.1					-	PFAM major facilitator superfamily MFS_1	ko:K03291	-	ko00000,ko02000	2.A.1.20	-	MFS_1
LDZ24_RS24065	ABC transporter substrate-binding protein	WP_175943916.1					-	PFAM periplasmic binding protein LacI transcriptional regulator	ko:K10439	M00212	ko00000,ko00001,ko00002,ko02000	3.A.1.2.1,3.A.1.2.13,3.A.1.2.19	-	Peripla_BP_4
LDZ24_RS24205	SulP family inorganic anion transporter	WP_248323725.1	inorganic anion transmembrane transporter activity|0015103||IEA		membrane|0016020||IEA		-	Sulfate permease family	ko:K03321	-	ko00000,ko02000	2.A.53.3	-	STAS,STAS_2,Sulfate_transp
LDZ24_RS24225	copper resistance protein CopC	WP_248323728.1					-	PFAM copper resistance protein CopC	ko:K07156	-	ko00000,ko02000	9.B.62.2	-	CopC
LDZ24_RS24240	TonB-dependent siderophore receptor	WP_248324222.1					-	TonB-dependent receptor	ko:K02014	-	ko00000,ko02000	1.B.14	-	Plug,TonB_dep_Rec
LDZ24_RS24355	phosphoenolpyruvate--protein phosphotransferase	WP_248323749.1	phosphoenolpyruvate-protein phosphotransferase activity|0008965||IEA	phosphoenolpyruvate-dependent sugar phosphotransferase system|0009401||IEA		ptsP	-	Belongs to the PEP-utilizing enzyme family	ko:K02768,ko:K08483,ko:K11183,ko:K11189	M00273	ko00000,ko00001,ko00002,ko01000,ko02000	4.A.2.1,8.A.7	-	PEP-utilisers_N,PEP-utilizers,PEP-utilizers_C,PTS-HPr,PTS_EIIA_1
LDZ24_RS24470	porin	WP_248323770.1	porin activity|0015288||IEA		cell outer membrane|0009279||IEA		-	PFAM porin Gram-negative type	ko:K03285	-	ko00000	1.B.1	-	Porin_4
LDZ24_RS24500	molybdopterin-dependent oxidoreductase	WP_248323775.1	oxidoreductase activity|0016491||IEA				-	Belongs to the prokaryotic molybdopterin-containing oxidoreductase family	ko:K07812	-	ko00000,ko01000,ko02000	5.A.3.4	-	Molybdopterin,Molydop_binding
LDZ24_RS24690	molybdate ABC transporter substrate-binding protein	WP_248324764.1	molybdate ion binding|0030973||IEA	molybdate ion transport|0015689||IEA	ATP-binding cassette (ABC) transporter complex, substrate-binding subunit-containing|0055052||IEA	modA	-	ABC transporter, periplasmic molybdate-binding protein	ko:K02020	M00189	ko00000,ko00001,ko00002,ko02000	3.A.1.8	-	SBP_bac_11
LDZ24_RS24825	FtsX-like permease family protein	WP_248324547.1			membrane|0016020||IEA		-	FtsX-like permease family	ko:K02004	M00258	ko00000,ko00002,ko02000	3.A.1	-	FtsX,MacB_PCD
LDZ24_RS25145	urea transporter	WP_248324605.1	urea transmembrane transporter activity|0015204||IEA	urea transmembrane transport|0071918||IEA	membrane|0016020||IEA		-	Urea transporter	ko:K08717	-	ko00000,ko02000	1.A.28.2	-	UT
LDZ24_RS25245	ABC transporter substrate-binding protein	WP_248324620.1					-	Receptor family ligand binding region	ko:K01999	M00237	ko00000,ko00001,ko00002,ko02000	3.A.1.4	-	Peripla_BP_6
LDZ24_RS25250	branched-chain amino acid ABC transporter permease	WP_248324621.1	ABC-type transporter activity|0140359||IEA		ATP-binding cassette (ABC) transporter complex|0043190||IEA		-	Belongs to the binding-protein-dependent transport system permease family	ko:K01997	M00237	ko00000,ko00001,ko00002,ko02000	3.A.1.4	-	BPD_transp_2
LDZ24_RS25255	branched-chain amino acid ABC transporter permease	WP_248324622.1					-	Belongs to the binding-protein-dependent transport system permease family	ko:K01998	M00237	ko00000,ko00001,ko00002,ko02000	3.A.1.4	-	BPD_transp_2
LDZ24_RS25260	ATP-binding cassette domain-containing protein	WP_248324623.1	ATP binding|0005524||IEA				-	ATPases associated with a variety of cellular activities	ko:K01995,ko:K01996	M00237	ko00000,ko00001,ko00002,ko02000	3.A.1.4	-	ABC_tran,BCA_ABC_TP_C
LDZ24_RS25280	DMT family transporter	WP_248324626.1	transmembrane transporter activity|0022857||IEA	transmembrane transport|0055085||IEA	membrane|0016020||IEA		-	EamA-like transporter family	ko:K15270	-	ko00000,ko02000	2.A.7.3.7	-	EamA
LDZ24_RS25425	sugar ABC transporter substrate-binding protein	WP_206470805.1	ABC-type transporter activity|0140359||IEA		ATP-binding cassette (ABC) transporter complex, substrate-binding subunit-containing|0055052||IEA		-	Bacterial extracellular solute-binding protein	ko:K02027	M00207	ko00000,ko00002,ko02000	3.A.1.1	-	SBP_bac_1,SBP_bac_8
LDZ24_RS25435	carbohydrate ABC transporter permease	WP_248324652.1		transmembrane transport|0055085||IEA			-	Binding-protein-dependent transport system inner membrane component	ko:K02026,ko:K17323	M00207,M00607	ko00000,ko00001,ko00002,ko02000	3.A.1.1,3.A.1.1.35	-	BPD_transp_1
LDZ24_RS25685	autotransporter outer membrane beta-barrel domain-containing protein	WP_248324694.1			outer membrane|0019867||IEA		-	Autotransporter beta-domain	ko:K12678	-	ko00000,ko02000,ko02044	1.B.12.1.1,1.B.12.1.3	-	Autotransporter,PATR,Pertactin
LDZ24_RS25760	MFS transporter	WP_248324706.1	transmembrane transporter activity|0022857||IEA	transmembrane transport|0055085||IEA			-	transporter	ko:K08369	-	ko00000,ko02000	2.A.1	-	Sugar_tr
LDZ24_RS26305	TrkA C-terminal domain-containing protein	WP_248324299.1	monoatomic cation transmembrane transporter activity|0008324||IEA	potassium ion transport|0006813||IEA			-	YidE YbjL duplication	ko:K07085	-	ko00000	2.A.81	-	Asp-Al_Ex,TrkA_C
LDZ24_RS26320	amino acid ABC transporter substrate-binding protein	WP_248324301.1	ABC-type transporter activity|0140359||IEA		ATP-binding cassette (ABC) transporter complex, substrate-binding subunit-containing|0055052||IEA		-	Bacterial extracellular solute-binding proteins, family 3	ko:K02030,ko:K09969,ko:K10001	M00230,M00232,M00236	ko00000,ko00001,ko00002,ko02000	3.A.1.3,3.A.1.3.18,3.A.1.3.19,3.A.1.3.4,3.A.1.3.7,3.A.1.3.8	-	SBP_bac_3
LDZ24_RS26375	ABC transporter permease	WP_371747498.1	transmembrane transporter activity|0022857||IEA	carbohydrate transport|0008643||IEA	plasma membrane|0005886||IEA		-	Belongs to the binding-protein-dependent transport system permease family	ko:K02057	M00221	ko00000,ko00002,ko02000	3.A.1.2	-	BPD_transp_2
LDZ24_RS26385	autoinducer 2 ABC transporter substrate-binding protein	WP_175945355.1					-	PFAM periplasmic binding protein LacI transcriptional regulator	ko:K02058	M00221	ko00000,ko00002,ko02000	3.A.1.2	-	Peripla_BP_4
LDZ24_RS26440	ABC transporter substrate-binding protein	WP_248324321.1					-	Bacterial extracellular solute-binding proteins, family 5 Middle	ko:K02035	M00239	ko00000,ko00001,ko00002,ko02000	3.A.1.5	-	SBP_bac_5
LDZ24_RS26500	MFS transporter	WP_248324333.1	transmembrane transporter activity|0022857||IEA	transmembrane transport|0055085||IEA			-	Uncharacterised MFS-type transporter YbfB	ko:K08369	-	ko00000,ko02000	2.A.1	-	MFS_1,MFS_4,Sugar_tr
LDZ24_RS26560	TonB-dependent receptor	WP_248324343.1			membrane|0016020||IEA		-	TonB-dependent receptor	ko:K02014	-	ko00000,ko02000	1.B.14	-	Plug,TonB_dep_Rec
LDZ24_RS26570	ABC transporter permease	WP_248324345.1					-	MacB-like periplasmic core domain	ko:K02004	M00258	ko00000,ko00002,ko02000	3.A.1	-	FtsX,MacB_PCD
LDZ24_RS26575	ABC transporter permease	WP_248324346.1					-	MacB-like periplasmic core domain	ko:K02004	M00258	ko00000,ko00002,ko02000	3.A.1	-	FtsX,MacB_PCD
LDZ24_RS26695	MFS transporter	WP_248324367.1	transmembrane transporter activity|0022857||IEA	transmembrane transport|0055085||IEA			-	Major facilitator superfamily MFS_1	ko:K08191	-	ko00000,ko02000	2.A.1.14.2	-	MFS_1
LDZ24_RS27110	sugar ABC transporter	WP_350029446.1					-	Capsule polysaccharide export protein	ko:K10107	M00249	ko00000,ko00001,ko00002,ko02000	3.A.1.101	-	-
LDZ24_RS27115	ATPase	WP_371747503.1					-	teichoic acid transport	ko:K09689	M00249	ko00000,ko00001,ko00002,ko01000,ko02000	3.A.1.101	-	ABC_tran
LDZ24_RS27125	polysaccharide biosynthesis/export family protein	WP_248324433.1	polysaccharide transmembrane transporter activity|0015159||IEA	polysaccharide transport|0015774||IEA	membrane|0016020||IEA		-	protein involved in polysaccharide export	ko:K01991	-	ko00000,ko00001,ko02000	1.B.18	-	Poly_export,SLBB
LDZ24_RS27145	substrate-binding domain-containing protein	WP_248324436.1					-	Bacterial extracellular solute-binding protein	ko:K02020	M00189	ko00000,ko00001,ko00002,ko02000	3.A.1.8	-	SBP_bac_11
LDZ24_RS27210	MipA/OmpV family protein	WP_248324446.1	protein-macromolecule adaptor activity|0030674||IEA	peptidoglycan biosynthetic process|0009252||IEA	cell outer membrane|0009279||IEA		-	MltA-interacting MipA family protein	ko:K07274	-	ko00000,ko02000	9.B.99.1	-	MipA
LDZ24_RS27215	multidrug effflux MFS transporter	WP_248324447.1	transmembrane transporter activity|0022857||IEA	transmembrane transport|0055085||IEA			-	PFAM major facilitator superfamily MFS_1	ko:K08154	-	ko00000,ko02000	2.A.1.2.9	-	MFS_1
LDZ24_RS27220	bile acid:sodium symporter family protein	WP_175945907.1	symporter activity|0015293||IEA				-	Bile acid sodium symporter	ko:K03453	-	ko00000	2.A.28	-	SBF
LDZ24_RS27235	HlyD family secretion protein	WP_248324449.1	transmembrane transporter activity|0022857||IEA	transmembrane transport|0055085||IEA	membrane|0016020||IEA		-	PFAM secretion protein HlyD family protein	ko:K03543	M00701	ko00000,ko00002,ko02000	8.A.1.1	-	Biotin_lipoyl_2,HlyD_3,HlyD_D23
LDZ24_RS27240	MDR family MFS transporter	WP_248324450.1	transmembrane transporter activity|0022857||IEA	transmembrane transport|0055085||IEA			-	Belongs to the major facilitator superfamily	ko:K03446	M00701	ko00000,ko00002,ko02000	2.A.1.3	-	MFS_1
LDZ24_RS27270	ABC transporter permease	WP_248324455.1	transmembrane transporter activity|0022857||IEA				-	PFAM binding-protein-dependent transport systems inner membrane component	ko:K15554	M00436	ko00000,ko00001,ko00002,ko02000	3.A.1.17.2	-	BPD_transp_1
LDZ24_RS27280	ABC transporter substrate-binding protein	WP_248324457.1					-	NMT1/THI5 like	ko:K15553	M00436	ko00000,ko00001,ko00002,ko02000	3.A.1.17.2	-	NMT1
LDZ24_RS27345	glutathione S-transferase family protein	WP_248324468.1	protein binding|0005515||IEA	glutathione metabolic process|0006749||IEA			-	Glutathione S-transferase	ko:K00799	-	ko00000,ko00001,ko01000,ko02000	1.A.12.2.2,1.A.12.3.2	-	GST_C,GST_C_2,GST_N_3
LDZ24_RS27385	MarC family protein	WP_248324475.1					-	UPF0056 inner membrane protein	ko:K05595	-	ko00000,ko02000	2.A.95.1	-	MarC
LDZ24_RS27530	DHA2 family efflux MFS transporter permease subunit	WP_175945797.1	transmembrane transporter activity|0022857||IEA	xenobiotic transmembrane transport|0006855||IEA	membrane|0016020||IEA		-	Major facilitator superfamily	ko:K03446,ko:K18926	M00701,M00715	ko00000,ko00002,ko02000	2.A.1.3,2.A.1.3.30	-	MFS_1
LDZ24_RS27535	HlyD family secretion protein	WP_248324499.1	transmembrane transporter activity|0022857||IEA	transmembrane transport|0055085||IEA	membrane|0016020||IEA		-	PFAM secretion protein HlyD family protein	ko:K03543	M00701	ko00000,ko00002,ko02000	8.A.1.1	-	Biotin_lipoyl_2,HlyD_3,HlyD_D23
LDZ24_RS27550	substrate-binding domain-containing protein	WP_248324502.1					-	PFAM periplasmic binding protein LacI transcriptional regulator	ko:K10439	M00212	ko00000,ko00001,ko00002,ko02000	3.A.1.2.1,3.A.1.2.13,3.A.1.2.19	-	Peripla_BP_4
LDZ24_RS27575	ABC transporter substrate-binding protein	WP_248324821.1					-	abc transporter	ko:K10439,ko:K17213	M00212,M00593	ko00000,ko00001,ko00002,ko02000	3.A.1.2,3.A.1.2.1,3.A.1.2.13,3.A.1.2.19	-	Peripla_BP_4
